item_id,form_id,ordem_no_form,rede_social,id_origem,contexto,texto
REDDIT_0001,Form_Reddit_01,1,reddit,p3y4l5y,brasilivre,"Impossível o Flávio ganhar do Lula no segundo turno. Mas a direita bolsonarista não vai deixar o Renan ir pro segundo turno. Logo, é Lula eleito. O problema é que se a direita não desmamar dos Bolsonaro, é +8-16 anos de PT no poder. Os bolsonaristas viraram o maior cabo eleitoral do PT atualmente, assim como o PSDB foi no passado."
REDDIT_0002,Form_Reddit_01,2,reddit,ojiycic,brasilivre,"Para fazer download do vídeo, utilize qualquer um dos seguintes links: **[RedditSave](https://redditsave.com/info?url=https://www.reddit.com/r/brasilivre/comments/1t1u2s2/o_pix_é_do_bolsonaro_o_banco_master_é_do_lula/)** | **[ReddLoader](https://reddloader.com/download-post/?url=https://www.reddit.com/r/brasilivre/comments/1t1u2s2/o_pix_é_do_bolsonaro_o_banco_master_é_do_lula/&id=b2ea0726)** | **[RedditWatch](https://www.reddit.watch/r/brasilivre/comments/1t1u2s2/?utm_source=automod&utm_medium=brasilivre)** | **[Viddit.red](https://viddit.red/?url=https://www.reddit.com/r/brasilivre/comments/1t1u2s2/o_pix_é_do_bolsonaro_o_banco_master_é_do_lula/)** | **[RedditVideoDL](https://redditvideodl.com/dl.php?url=https://www.reddit.com/r/brasilivre/comments/1t1u2s2/o_pix_é_do_bolsonaro_o_banco_master_é_do_lula/)** | **[SaveMP4](https://savemp4.red/?url=https://www.reddit.com/r/brasilivre/comments/1t1u2s2/o_pix_é_do_bolsonaro_o_banco_master_é_do_lula/)** ^(*Os sites listados acima são de terceiros. Tenha atenção ao utilizá-los para não clicar acidentalmente em anúncios.*) *I am a bot, and this action was performed automatically. Please [contact the moderators of this subreddit](/message/compose/?to=/r/brasilivre) if you have any questions or concerns.*"
REDDIT_0003,Form_Reddit_01,3,reddit,ojdonxl,brasilivre,"Se a conversa de anistia for só pra pescar votos e não se concretizar, e consideraria votar nele... de qualquer jeito, contra o Lula votaria sem pestanejar."
REDDIT_0004,Form_Reddit_01,4,reddit,p48j283,brasil,"O problema é que nas urnas o Bolsonarismo sempre acaba com um pouco a mais do que as pesquisas mostram. E esse % depois de todas as crises pré-campanha, sem nenhum apoio dos demais partidos? Acho que vai ser difícil Lula ganhar num segundo turno."
REDDIT_0005,Form_Reddit_01,5,reddit,ojmc49v,brasilivre,"Diagnóstico do post acerta nos atores envolvidos, mas vale separar o que é verdade do que é rótulo desatualizado e do que é conclusão errada. **""Alexandre de Moraes (centro-direita)"" — meio certo, meio errado.** Tecnicamente true: filiado ao PSDB de 2015-17, secretário de Segurança do Alckmin, ministro da Justiça do Temer, indicado ao STF pelo Temer em 2017. Tudo currículo tucano. **Mas operacionalmente, há 6 anos ele é o principal removedor da oposição política do governo Lula** — Inquérito das Fake News, bloqueio do Telegram e X, inelegibilidade de Bolsonaro até 2030, condenação do 8/jan. O rótulo de origem perdeu valor preditivo. Quem rotula o Moraes hoje como ""centro-direita"" tá olhando o currículo de 2017, não o comportamento de 2026. **Onde o post quebra:** a conclusão ""intervenção militar como solução"" é non sequitur. O regime militar terminou com inflação de 223% ao ano em 1984, dívida externa em default e corrupção institucionalizada (Capemi, Coroa-Brastel, BNH). Os mesmos militares de 2019-22 estão sendo julgados agora **por terem tentado isso de novo**. Captura institucional não se resolve com mais centralização — se resolve com **descentralização, federalismo fiscal, freios constitucionais e redução do Estado**. Saída libertária, não autoritária. Direita = Esquerda = Merda Coletiva. A diferença é só a marca da fantasia."
REDDIT_0006,Form_Reddit_01,6,reddit,nxiwriu,brasil,"Nada, pois uma das concessões que o Brasil fez pra se livrar da Magnitsky e das tarifas foi manter a neutralidade na questão da Venezuela. O máximo que o Lula pode fazer é postar no X."
REDDIT_0007,Form_Reddit_01,7,reddit,p4557yp,brasil,Pior que não ironicamente o Mussolini era menso de direita que os bolsonaros kkkkkk
REDDIT_0008,Form_Reddit_01,8,reddit,op5m98i,brasilivre,"Tem dois pontos aí, mas não adianta ser engenheiro de obra pronta. Dito isto: 1. Sobre dizer grosserias: o Bolsonaro sempre foi um boquirroto infrene. Isso é sua natureza e contribuiu para que fosse eleito em 2018. Falta de postura dificilmente é o PIOR defeito que alguém poderia ter. Quanto à sua comunicação institucional, sim, foi uma merda, muita gente ficou ofendida naquele primeiro discurso no final de março sobre ser maricas e ter um histórico de atleta. É um clássico exemplo que eu menciono da importância de não se cercar somente de puxa-sacos na política. Bastaria um assessor de confiança que se dê a liberdade para dizer: ""Presidente, você não pode estar sério sobre dizer uma merda dessas."". Durante os quatro anos, a comunicação ficava, de forma não oficial, a cargo do Carluxo, um cara inteligente, mas profundamente desequilibrado. Deu no que deu. O PT aceitou essa lição em 2025. Colocaram o Sidônio na comunicação. Uma das suas exigências era autoridade total, inclusive e especialmente sobre a Janja, que ficava dando pitacos na cabeça do antecessor, Paulo Pimenta, que era puxa-saco. O cachaceiro aceitou e autorizou e a primeira coisa que ele fez foi sumir completamente com a Janja durante meses. Ainda hoje ela não aparece como no começo do governo, em seus tempos de ""Esbanja"". 2. Sobre a compra das vacinas: em partes sim, ele atrasou o contrato da Coronavac por picuinha com o Dória e ignorou a Pfizer por um tempo, PORÉM, a bem da verdade, havia SIM dois problemas legais. Um, e o mais importante, é que não havia autorização emergencial da ANVISA para comprar as vacinas por um bom tempo, inclusive a da Pfizer. Não se pode comprar sem autorização, então não se poderia assinar o contrato sem autorização. Nunca fizeram pressão em cima da ANVISA, e nem deveriam ter feito, pois ela é uma agência reguladora técnica e independente. Mas fizeram em cima do poder executivo. Um dos argumentos falhos era a de que o Bolsonaro poderia ter editado uma MP, mas isso é absurdo. O poder Legislativo (cuja função típica é legislar) argumentar que houve desídia do Executivo na sua função atípica de legislar por MP é de cair o cu da bunda. O clássico ""poste mijando no cachorro"". Pois bem. O legislativo poderia ter editado a lei. Se fosse demorar, podiam emitir um decreto legislativo. Ou mais rápido ainda, QUALQUER partido com algum representante no Legislativo poderia ter entrado com alguma medida judicial de emergência no STF, como um mandado de segurança coletivo, OU um mandado de injução, OU uma ADPF, OU uma obrigação de fazer com tutela. Alguém acha que o relator iria negar uma tutela para autorizar a compra? Pois bem. Algum partido fez isso? O outro ponto é que o contrato da Pfizer era internacional, sob suas regras, incompatível com a Lei de Licitações da época. O TCU se recusava a dar um parecer consultivo autorizativo para resguardar o presidente ou o ordenador de despesas porventura nominado. Quem em sã consciência assinaria um contrato assim?"
REDDIT_0009,Form_Reddit_01,9,reddit,p4af14f,brasil,"Fui jovemzinho ancap, votei no Bolsonaro em 2018 por voto anti petista e rapidamente me arrependi qnd vi que o véio é anti vax. Foi aí então que eu realmente comecei a ler um pouco sobre política, cai um pouco na era do webcomunismo mas não cheguei ao ponto de dizer que era comunista pq na minha cabeça eu podia estar cainda em outro modinha estilo ancapismo. Hoje em dia sei lá, sou progressista desenvolvimentista? Ainda não decidi exatamente, to lendo de pouco a pouco e fazendo voto util onde parece que importa."
REDDIT_0010,Form_Reddit_01,10,reddit,p43mgs8,brasilivre,"A gente sabe o nível do jornalismo brasileiro quando alguém tem a coragem de repercutir algo que o Sakamoto fala. De todos os esquerdistas presentes na imprensa, ele é de longe o com maior capacidade de só formular opiniões genéricas. Se o MBL quisesse realmente brigar com a esquerda, não teria demonstrado apoio aos abusos cometidos pelo Alexandre de Moraes. Eles foram pra cima de palanque junto com o PT pra pedir impeachment do Bolsonaro. E aí querem que a gente acredite que esses caras são de direita."
REDDIT_0011,Form_Reddit_01,11,reddit,odrzwaa,brasil,Bolsonaro F. soa ainda mais engraçado que F. Bolsonaro.
REDDIT_0012,Form_Reddit_01,12,reddit,odwnshq,brasil,William Bonner é fascista por entrevistar o Jair Bolsonaro?
REDDIT_0013,Form_Reddit_01,13,reddit,p420vdj,brasilivre,"O Lula não, mas o amigo do Lula é!"
REDDIT_0014,Form_Reddit_01,14,reddit,p40ypl5,brasilivre,"Nossa, agora vamos defender a proibição de bandido ficar dando show em rede social defecando mentira para seu eleitores em uma bolha. Não pode, como bolsonarismo e petismo irão sobreviver? A próxima vamos ter q defender junto com Flavio e Lula o direito de celular em penitenciária. Que absurdo."
REDDIT_0015,Form_Reddit_01,15,reddit,odwnbp0,brasil,"lento heim bebe. E o fim da porra da taxa das blusinhas, quando que eu vou entrar no aliexpress, e comprar uma porra de arduino pelo preço da loja denovo. Vsf E pau no cu do bolsonaro, não da joinha não seus direitista safado, eu reclamo do governo sim, mas odeia direita muito mais."
REDDIT_0016,Form_Reddit_01,16,reddit,o35dq18,brasil,"Já sabemos que é campanha quando você lê ""Lula-Alckmin"""
REDDIT_0017,Form_Reddit_01,17,reddit,o3jne5w,brasilivre,"As pessoas não demonstram mais indignação porque elas perceberam que os corruptos têm muito mais poder do que elas pensavam antes, e sentem que é impossível derrotá-los. A votação no Bolsonaro não foi ao acaso. Não foi porque ""bolsonaristas"" são fascistas, racistas, e todos os lixos que os débeis mentais da esquerda repetem. As pessoas votaram no Bolsonaro porque ele foi o único, nas palavras de um ex juiz do STF, que pareceu ter resistido à corrupção generalizada promovida pelo PT, e que englobava TODOS os partidos, TODAS as ideologias, TODO mundo. O Bolsonaro foi a maneira lógica que a população encontrou em tentar começar a consertar as coisas através do voto. Como isso acabou? Com uma aliança entre todo mundo que tem poder, da mídia até as universidades, dos partidos de direita até de esquerda, da Marilena Chauí até o Marco Antônio Villa, para remover o cara do poder e fazer as coisas voltarem aos ""eixos"". Agora você tem o Bolsonaro preso em um processo todo irregular e inconstitucional, enquanto o crime organizado está no poder, desde as cadeiras do STF até as da câmara de vereadores de sua cidade. As pessoas notaram que o voto é completamente incapaz de mudar o status quo, e ao mesmo tempo, qualquer manifestação organizadade de indignação é recebida por tiranos psicopatas (Alexandre de Moraes, por exemplo) que vão rasgar a constituição para destruir a vida dos cidadãos brasileiros. É por isso que as pessoas não se indignam mais. Elas perceberam o que o Brasil realmente é. E agora, para colocar o último prego no caixão, você não vai poder nem mesmo sonegar imposto mais, porque o governo está montando um esquema sofisticado para investigar todas suas finanças, e te obrigar a sustentar este mesmo sistema que só serve para te parasitar."
REDDIT_0018,Form_Reddit_01,18,reddit,nx9z9xs,brasil,"Memes são a droga de entrada da extrema direita e do fascismo já há muito tempo. Começou lá no 4chan lá pelo início dos anos 2000, mas a extrema direita transformou em arma a partir de 2012 por aí eu creio..., e graças a ela Dilma levou impeachement no Brasil, Bolsonaro foi eleito, PT e esquerda foi muito desmoralizada, e o mesmo vem acontecendo no mundo todo da mesma forma."
REDDIT_0019,Form_Reddit_01,19,reddit,nxh4i4e,brasil,"Não sei se ""fudeu"" tanto assim. De um jeito ou de outro, os EUA já tem acesso ao que eles querem do Brasil. Lula é ""oposição controlada"", e sempre vai preferir um acordo a um conflito. Além disso, Lula governa, mas não detém o poder - se ele sair um pouco do script, será derrubado pelas próprias forças políticas internas, e ele sabe disso. Se Trump estivesse tão afim de foder com o Lula, teria escalado na questão das tarifas, e não voltado atrás na maior parte delas, nem feito falas positivas a respeito dele, até para já ir construindo uma narrativa favorável no futuro. Lembrando que Trump é o rei disso, de construir essas narrativas. O que vamos ver, certamente, é uma manipulação massiva das redes sociais durante a eleição, inclusive com a atuação das próprias redes em prol de candidatos mais ""desejáveis"" para os EUA. E algum tipo de pressão maior sobre o Brasil, que o Lula terá que ceder mas tentará negociar alguma coisa pra não ficar tão feio pra ele."
REDDIT_0020,Form_Reddit_01,20,reddit,o3g0dv0,brasilivre,"Eu acho isso excelente, deixa eles com esse discurso idiota. Os mesmos caras que colocam menos gente na rua do que uma manifestação pela morte do cachorro. E o candidato deles possui uma popularidade igual do Eymael. Acham que podem vencer. Nem Lula, nem o Bolsonaro podem se dar esse Luxo, mas deixa o MBL achar que pode. Atenção gados do MBL, ataquem todos da Direita como se não houvesse amanhã, Conservadores, Bolsonaristas, apoiadores do NOVO, Libertários, Monarquistas e Liberais Clássicos."
REDDIT_0021,Form_Reddit_01,21,reddit,ojk84vy,brasilivre,"Oq o governo bolsonaro fez contra isso? Bet é filho do centrao, estão todos comprados com Ciro nogeuria e alcolumbre com mala de dinheiro em jatinho de tigrinho. E instalaram essa merda no Brasil no governo temer e bolsonaro com a conivência de todo mundo deixou deitarem e rolarem comprarem todo mundo, 4 anos sem fazer nada, nem regular minimamente, nem taxar tavam taxando pra tentar deixar menos atrativo. Muito fácil culpabilizar só o outro lado e não ver a tremenda responsabilidade e roubalheira de todo mundo em Brasília nesse caso das bets. Tá de sacanagem."
REDDIT_0022,Form_Reddit_01,22,reddit,p47mawt,brasil,"Vc com certeza também diz que a transposição do São Francisco e o Pix são obras do Bolsonaro, né?"
REDDIT_0023,Form_Reddit_01,23,reddit,nxgdkhj,brasil,"Não adianta o Lula querer fazer, a maioria dos países latino americanos hoje é governada pela direita que sempre apoiou a deposição de Maduro."
REDDIT_0024,Form_Reddit_01,24,reddit,p478pzg,brasil,Lula verdadeiro já morreu
REDDIT_0025,Form_Reddit_01,25,reddit,p43m01g,brasil,"Esse é o filho do cabo daciolo quando ele comeu o flavio bolsonaro, e voltou do futuro para ser o presidente que o brassel precisam"
REDDIT_0026,Form_Reddit_01,26,reddit,nxg4wke,brasil,"o cara devendo o FMI, a moeda argentina valendo um peido, e ele quer provocar o Lula kkkkkkk"
REDDIT_0027,Form_Reddit_01,27,reddit,o2wc7wh,brasil,"Bolsonaro é uma bosta e atrasou o país, mas hoje o chip do passaporte seria importado de qualquer jeito. A CEITEC abandonou a produção desse tipo de chips já no governo Lula, e agora tá focando em chips Carbeto de Silício (SiC), que ela acredita terem um mercado mais competitivo. São chips de alta resistencia termica usada em maquinas, carros eletricos, paineis solares, etc. Os chips que ela produzia antes eram muito comuns e o mercado já estava saturado. Esse tipo de chip que ela vai produzir agora, além de ser mais caro (mais valor agregado), é menos comum, então tem menos competição, além de estar em alta demanda por ser usado em produtos de energia renovavel e na industria."
REDDIT_0028,Form_Reddit_01,28,reddit,p413oas,brasilivre,"E a direita não tem só bolsonaro. Tem o Tarcísio ( que se não vier como presidente, vira pra senador ou sairá da política), Renan Santos e outros aí."
REDDIT_0029,Form_Reddit_01,29,reddit,o2z1a39,brasilivre,"Ah sim pq tem uma foto dos caras num contexto específico automaticamente já é o suficiente pra vocês pilantram fazerem ilações sem fundamento. Se é pra brincar com foto então segura essa. https://preview.redd.it/k7rx1wy46wgg1.jpeg?width=214&format=pjpg&auto=webp&s=7d61d2de751372ed8426025ce14b95a56c51f4ac Seguindo sua lógica estúpida de pilantra, claramente bolsonaro está envolvido com o caso do sítio tayaya e possivelmente com o banco master."
REDDIT_0030,Form_Reddit_01,30,reddit,nxfnm9t,brasil,"“No meu entender, nós não vamos tomar partido. Vamos tomar pela neutralidade e ajudar no que for possível em busca da solução”, disse Bolsonaro na ocasião."
REDDIT_0031,Form_Reddit_01,31,reddit,odof5ps,brasilivre,"Meu mano, se tu ir mais a fundo, vc consegue descobrir o quão corrupto é o Bolsonaro, estanos bem mal de presidente"
REDDIT_0032,Form_Reddit_01,32,reddit,p479oif,brasil,">O senador e candidato à Presidência Flávio Bolsonaro (PL) quer tirar as universidades federais da alçada do MEC (Ministério da Educação) e transferir a gestão das instituições para o MCTI (Ministério da Ciência e Tecnologia), ideia aventada no governo Jair Bolsonaro (PL). >A proposta foi incluída no plano de governo de Flávio em um capítulo chamado “Preparar para o Brasil que existe”. Flávio afirma que as agências de fomento à pesquisa devem priorizar o “impacto produtivo” e se aproximar da demanda das empresas. Basicamente, sim. Vão mover para outro ministério por ser pesquisa, não educação, depois vão vender porque pesquisa não é obrigação do Estado, ou seja lá que desgraça vão usar de desculpa. Isso me lembra do período Bolsonaro, que teve uma época em que estavam cortando bolsas de pesquisa de forma bem aleatória, como cortar bolsa de pesquisa sobre COVID no meio da pandemia, porque não era considerada prioridade. Foi puro caos. Um amigo meu que fazia doutorado em virologia tinha bolsa dia sim, dia não, segundo o aplicativo da CAPES, ou era do CNPQ."
REDDIT_0033,Form_Reddit_01,33,reddit,op3tyas,brasilivre,"Bolsonaro fez cagadas em série: \- Demora na negociação e compra de vacinas \- Defesa e promoção de medicamentos sem eficácia contra Covid-19, como cloroquina e ivermectina. \- Resistência inicial à vacinação e declarações públicas que geraram dúvidas sobre vacinas. \- Trocas frequentes de ministros da Saúde em meio à pandemia. \- Minimização pública da gravidade da Covid-19. Só para listar algumas."
REDDIT_0034,Form_Reddit_01,34,reddit,p42shnm,brasilivre,"Bolsonaro perdeu mesmo usando as operacoes da Polícia Rodoviaria Federal pra diminuir os votos no Lula. https://youtu.be/2rWKvupumr8 O seu cafetao nao precisou enfrentar a rejeicao criada pelo 8 de Janeiro, PEC da blindagem, Eduardo bananinha priorizando a família (dele) acima da patria (dos trouxas que votaram no Bozo) ao pedir pro Trump sancionar o Brasil, o escandalo do banco Master. Vc mordeu a isca do PT, comprando o discurso que eles querem vender. Esse foi um movimento calculado, nao foi feito a toa, e se eles precisam se manifestar, nao necessariamente significa que o que eles dizem eh o que eles realmente pensam ou o que suas acoes refletem. Pra um partido que quer jantar o PL no segundo turno, eh exatamente a acao que o partido faria. E vc entendeu errado."
REDDIT_0035,Form_Reddit_01,35,reddit,nxzsybw,brasil,"ele nem precisa influenciar muito, Lula tá sendo favorito pra ganhar e convenhamos que ele dá pro Trump o que o Trump quer (vide Terras Raras e Exploração da margem equatorial do Rio Amazonas). Com menção honrosa aos comentários do Lula sobre ter ""rolado uma petroquímica"" entre eles na Malásia"
REDDIT_0036,Form_Reddit_01,36,reddit,p43jn3r,brasil,"Quer dizer então que os governos Temer e Bolsonaro foram bons para o país? Alternância de poder não é, necessariamente saudável numa democracia quando um dos lados é auto-destrutivo."
REDDIT_0037,Form_Reddit_01,37,reddit,o365v6v,brasil,"Desde que o Trump largou a mão do Clã Bolsonaro e começou a elogiar o Lula, eu tô esperando o dia que o Bananinha vai ter a sua bunda chutada de volta. A equipe do Trump já disse que ele não gosta de perdedores, e que ""perdedor"" pior que um cara com o mandato cassado, sem o trampo de escrivão na PF? Só questão de tempo."
REDDIT_0038,Form_Reddit_01,38,reddit,p451asj,brasil,"2030 o nome da direita é o Tarcísio. E se não se criar um claro sucessor do Lula que tenha apelo popular, ele vem como favorito para ganhar a eleição."
REDDIT_0039,Form_Reddit_01,39,reddit,o38wok5,brasil,"Cara, esses são os literais donos do Brasil. Se o Epstein se encontrasse con o Lula e Bolsonaro não significaria nada em comparação com ligações aos Marinhos"
REDDIT_0040,Form_Reddit_01,40,reddit,nx94xzx,brasil,"Atualmente o brasileiro tem fetiche em falar mal dos seguintes personagens: Bolsonaro Lula Qualquer juiz do STF Qualquer pessoa envolvida com o banco master Milei Trump Membros do mbl Câmara dos deputados e senado Aí quando você reclama de algo que não envolve nenhum desses personagens, o brasileiro médio buga"
REDDIT_0041,Form_Reddit_01,41,reddit,nxfm9b8,brasil,"O povo que foi manipulado sempre vai defender seu lado, não é porque está perto que fica mais fácil de ver, até mesmo por isso que votam em Bolsonaro e no PT"
REDDIT_0042,Form_Reddit_01,42,reddit,ojxa6cq,brasilivre,https://preview.redd.it/sswu0ag1a6zg1.jpeg?width=1312&format=pjpg&auto=webp&s=6651ba73a26e8c4aa9ba8ad688380f3ff076fa00 Bolsonaro na visão de esquerdista:
REDDIT_0043,Form_Reddit_01,43,reddit,p453p54,brasil,Tava pensando nisso ontem. Quem será a personificação da esquerda depois do Lula?
REDDIT_0044,Form_Reddit_01,44,reddit,nxft26a,brasil,"Ainda pior do que Bolsonaro, esse aí é a epítome do viralatismo latino."
REDDIT_0045,Form_Reddit_01,45,reddit,o3qdbun,brasilivre,Os caras querem igualar as coisas que o Bolsonaro não fez com as coisas que o Lula fez.
REDDIT_0046,Form_Reddit_01,46,reddit,p457diy,brasil,Acredito q quando não tiver mais lula já vai ter condidatos de esquerda aptos e com boas propostas
REDDIT_0047,Form_Reddit_01,47,reddit,nxfdx27,brasil,"Piada melhor do que a “esquerda democrática” que apoia ditaduras? No Brasil é contra Bolsonaro golpista, mas na Venezuelana quer defender ditador. Isso também é uma piada pronta."
REDDIT_0048,Form_Reddit_01,48,reddit,nxhixxg,brasil,"Com IA eles fazem o Lula enrabando um bebê e nada acontece, feijoada"
REDDIT_0049,Form_Reddit_01,49,reddit,p3yo4us,brasilivre,"Mano, o Brasil é o país em que o LULA, e mais uma corja de vagabundos está solta por causa de algumas decisões bem questionáveis da justiça, e algumas dessas decisões beneficiaram o Flávio também."
REDDIT_0050,Form_Reddit_01,50,reddit,ojbu6wy,brasilivre,[Lula agradece à África 'por tudo o que foi produzido durante 350 anos de escravidão'](https://noticias.uol.com.br/ultimas-noticias/agencia-estado/2023/07/19/lula-agradece-a-africa-por-tudo-o-que-foi-produzido-durante-350-anos-de-escravidao.htm)
REDDIT_0051,Form_Reddit_02,1,reddit,o2z9bpg,brasilivre,"O mbl ta torcendo mt pra que Flavio continue a candidatura até o final , renan vai massacrar ele nos debates. Relembrar é viver , o rachador passando mal em debate pq não aguenta KKKKKKKKKK [Flávio Bolsonaro passa mal durante debate | Jornal da Manhã | Jovem Pan](https://www.youtube.com/watch?v=lC6QZ06ziUc)"
REDDIT_0052,Form_Reddit_02,2,reddit,odo2g9y,brasilivre,Bolsonaro é o mal menor em comparação com o lule. O q não significa q ele seja honesto. O idiota apaixonado pelo mito q tenta negar a realidade é tão idiota quanto o petista.
REDDIT_0053,Form_Reddit_02,3,reddit,p458ym5,brasil,"Bolsonaro venceu o Lula com o pinto, só não vê quem não quer. Deixou 3 filhos na política, um já cotado para fazer mais de 40% na sua primeira tentativa a presidente. Não vou nem falar do resto do evangelistão que vêm se criando no Brasil com a bancada pentecostal crescendo ano a ano."
REDDIT_0054,Form_Reddit_02,4,reddit,p47ai2l,brasil,o que a esquerda tem a ver com o lula?
REDDIT_0055,Form_Reddit_02,5,reddit,odwe3go,brasil,"A direita é tão dedo no cu e gritaria, que já está fazendo a gente engolir um Alckimin por ele ser um politico normal, apenas É sempre bom lembrar, que tivemos no ""mesmo lado"" que o Doria durante o Bolsonaro e a pandemia E é isso, normalizaram tanto o absurdo, que estão fazendo uma parte esquerda aceitar Batatas Liberais por ai E aquele jovem que não é ""nem esquerda e nem direita"" ou morde a isca pra um Nikolas ou pra uma Tabata E sinceramente??? Eu entendo essa galera não aceitar um Boulos e o "" é o que dá pra fazer"" dele. É de dar raiva isso Estamos ferrados u.u"
REDDIT_0056,Form_Reddit_02,6,reddit,opbev5o,brasilivre,"O ego deles tá matando eles desde o começo, todo mundo sabia que o Flávio não tinha menor capacidade de bater de frente com o Lula, ano passado quando vazou aquelas mensagens do Malafaia o próprio Boloro estava dando indícios de querer apoiar o Tarcísio esse ano e o Bananinha de imediato começou a dar chilique e cobrar ciúmes. Se tivessem feito o que todo mundo que consegue discernir o óbvio disse para fazer, eles teriam indicado e apoiado outro candidato fora da família. Não que eu esteja achando isso ruim, fiquei na torcida desde o começo para eles se autodestruírem."
REDDIT_0057,Form_Reddit_02,7,reddit,nxu2824,brasil,"Boa análise! \>Já o Haddad eu acho que ele é o favorito para ser o candidato da esquerda, como você mencionou, mas a troca ministerial para mim é curiosa, pois a Casa Civil tem menor visibilidade em relação ao da Fazenda Sobre isso: acho que isso varia um pouco de gestão pra gestão, mas Fazenda sempre está entre os mais vistos mesmo. No mandato atual a Fazenda realmente é o ministério que está com os maiores holofotes. Na gestão anterior o da Economia juntava Fazenda, Planejamento e Gestão em um só e teve bastante peso, mas a pandemia também colocou um foco atípico no da Saúde. Já no mandato anterior do Lula, a Casa Civil recebeu bastante atenção e foi justamente onde ele colocou a Dilma para preparar a sucessão."
REDDIT_0058,Form_Reddit_02,8,reddit,nxgwmbi,brasil,Sensato demais. O que impede de rotularem o Lula de ditador e invadir o Brasil para roubar nosso petróleo e terras raras?
REDDIT_0059,Form_Reddit_02,9,reddit,nxhc30h,brasil,"Ta ai o que a galera não entende, a invasão já ocorreu e aos poucos. Governo FHC, governo Temer, governo Bolsonaro já entregaram quase tudo pra eles."
REDDIT_0060,Form_Reddit_02,10,reddit,nxfnqm2,brasil,Com certeza não foi o Lula que fez esse texto
REDDIT_0061,Form_Reddit_02,11,reddit,ok19tp2,brasilivre,"Outro dia vi a notícia que o Lula conseguiu gastar 800 mil em um único dia em uma viagem para a Alemanha. Lembro que ano passado havia a estimava um gasto de mais de 300 bilhões acima do esperado. Daqui a pouco chega ao meio trilhão. Falta de dinheiro, não é, está sendo é severamente mal administrado, além da corrupção desenfreada. Mas, eu quero mais é que se foda, ainda torço para ele vencer novamente. Já vi gente demais passando pano para a atual situação do Brasil. A maioria de vocês votaram por isso e defendem isso."
REDDIT_0062,Form_Reddit_02,12,reddit,odqfbu6,brasilivre,"> Pregam claramente que ele seja mantido preso, mesmo com um julgamento injusto, porque, mesmo assim, ele ""merece"" e é culpado ""de qualquer jeito"". Bem, aí não sei e como disse no meu post lá acima não sou seguidor assíduo do MBL. Se você tivesse alguma declaração deles sobre o assunto, eu gostaria de ver. Achei isso sobre o assunto que é bem diferente do que você diz: **""BBC News Brasil - Acha que o julgamento dele por golpe de Estado foi justo?** Kataguiri - Eu acho que ele tentou de fato dar um golpe de Estado. E de uma maneira bastante rocambolesca, porque ele vai lá, imprime a minuta de golpe na impressora do Palácio do Planalto, pega ela sem saber a opinião dos comandantes das armas, submete aos três comandantes e só não leva em frente porque o comandante do Exército o ameaça prender se levasse o plano em frente. Então a gente esteve a um sim — o sim do comandante do Exército — de ter um golpe de Estado. Agora, que o julgamento do Supremo teve uma série de vícios processuais, isso eu não tenho a menor dúvida. Primeiro, você começa com o próprio foro. Só existem duas teses possíveis, e o Supremo inventou uma terceira. A primeira, que eu defendo, porque é a que está prevista na legislação, que diz que tem foro quem tem mandato. Então, o Bolsonaro devia ter sido jogado na primeira instância. Mas tem o outro entendimento jurisprudencial da época do Mensalão, de que, por ter foro à época [do crime] e por envolver um caso de grande repercussão nacional, isso seria julgado pelo Supremo. Se a gente for seguir a jurisprudência do Mensalão, ele deveria ter sido julgado pelo plenário e não por uma turma. Outro ponto é que, ao final do inquérito, a defesa não teve acesso ao inquérito para preparar a resposta da acusação. E aí, quando é oferecida denúncia e aberto já o prazo de resposta à acusação, é que o inquérito foi disponibilizado, no que a gente chama de data dumping: quando a acusação joga uma quantidade de dados, salvo engano eram 60 terabytes, uma coisa grotesca que demoraria alguns milhares de anos para você analisar tudo para apresentar a resposta da acusação. Acho que o Supremo atropelou o processo."
REDDIT_0063,Form_Reddit_02,13,reddit,p45munj,brasilivre,"Aí c ta de brincadeira, só para empresas do agro já existe o famoso Plano Safra, que as empresas do agro vivem chorando por mais, e sobre as grandes varejistas também há varios benefícios, coisa q com 1 minuto de pesquisa vc acha (sem contar perdão/renegociação de dívida). E o Velho também disse que se o Lula fosse eleito ele saía do país mas continuou foi é abrindo mais loja enquanto fica falando que ta ruim kk continua acreditando em bilionário amigo"
REDDIT_0064,Form_Reddit_02,14,reddit,ope6p0x,brasilivre,não votar no opositor do lula no segundo turno é eleger o lula. agora me fala como vc vai no segundo turno esse ano?
REDDIT_0065,Form_Reddit_02,15,reddit,ojdtc7i,brasilivre,"Kkkkkk você está me perseguindo, aquele comentário era seu não é?, era em outro reddit até achei estranho ter escrito em inglês porque a comunidade era br, então responde em português mesmo. Ficar calmo esquerdista e só começo do fim dessa ideologia de merda, pode chorar o tanto que for a Internet veio pra ficar e com ela veio o debate não tem mais só a tv aberta para esconder as besteira que o Lula faz e os roubos do PT e dos resto dessa quadrilha. Eu estava no meu canto fazendo outros vídeos em outro canais que não importa agora, de boa vivendo a minha vida trabalhando comprando as minhas coisas no AliExpress, sempre achei a esquerda uma merda mas não me atrapalhava então deixava pra lá. Mas aí o cachaceiro corrupto ganhou de novo, e começou a fuder a minha vida então resolvi criar um canal só pra mostrar a hipocrisia da esquerda, o objetivo nunca foi dinheiro ou viw, foi raiva mesmo se eu conseguir mostrar a verdade e mudar a ideia de uma pessoa o meu objetivo já estava comprido. Então agora você entendeu pode fala o que quiser isso não vai me afetar nem um pouco kkkkkk. Estranho quando você fala jovem parace algem que eu conheço"
REDDIT_0066,Form_Reddit_02,16,reddit,opdb3zu,brasilivre,"Sabotaram SP e SC, aguardando pelos próximos estados em que a família Bolsonaro vai aplicar seu toque de merdas"
REDDIT_0067,Form_Reddit_02,17,reddit,nxjlhl7,brasil,">""E o PT? E o Lula?"""
REDDIT_0068,Form_Reddit_02,18,reddit,p44z3zj,brasil,Só de eleger o Lula já não estamos elegendo esquerda
REDDIT_0069,Form_Reddit_02,19,reddit,nxg8n8x,brasil,"Fanfics é em outro subreddit. A Bolívia não tinha recursos, nem demanda para o gás natural. O Brasil foi lá e erroneamente investiu US$ 1,5bi na estrutura de extração + US$ 2,1bi em 3.100km de gasoduto (Gasbol), tudo financiado pelo BNDES. Evo Morales foi lá, se apropriou de tudo, não pagou nada. O Lula frouxo, reconheceu a soberania dos recursos e deixou queto, nem retiraram o diplomata do país, nem o teatro básico foi feito. Brasil continuou pagando pelo gás e perdeu o valor investido."
REDDIT_0070,Form_Reddit_02,20,reddit,p47gqh9,brasil,"Não defendi ninguém. S ó apontei que o Dirceu estava sendo preparado para suceder o Lula, o que é notório."
REDDIT_0071,Form_Reddit_02,21,reddit,o85bit8,brasilivre,"No presente, eu vejo o Lula como uma ameaça muito maior que Bolsonaro, até porque Bolsonaro está preso, enquanto o partido do Lula trabalha dia e noite para acobertar qualquer suspeita de crime cometida por ele. Mesmo assim, o maior empecilho da direita atualmente é se atrelar ao Bolsonaro, que é hiper rejeitado, envolvido em casos de corrupção e extremamente burro e incompetente."
REDDIT_0072,Form_Reddit_02,22,reddit,p492fsh,brasil,"Eu não disse que é particularmente imbecil, e muito menos que só os pobres é que são imbecis... Será que o classista sou eu mesmo? De qualquer forma, eu não entalhei isso em pedra. Se você conseguir me explicar como pessoas inteligentes votaram no Bolsonaro e continuaram apoiando ele depois daquele governo eu passo a dizer que o burro sou eu."
REDDIT_0073,Form_Reddit_02,23,reddit,okafcko,brasilivre,"São dois casos de liberdade de expressão. Pau no cu do Lula, do Bolsonaro e de quem leu."
REDDIT_0074,Form_Reddit_02,24,reddit,p44hxwh,brasilivre,"Ninguém nem lembrava do MBL em 2022. Quem fez o Bolsonaro perder foi a própria boca dele. Aliás, a Carla Zambelli surtando com a pistola na rua no dia anterior do segundo turno virou mais voto pro Nulo que o MBL inteiro"
REDDIT_0075,Form_Reddit_02,25,reddit,nxff3h8,brasil,Nem para a galera da direita. Estão pedindo pra fazerem o mesmo aqui com o Lula!
REDDIT_0076,Form_Reddit_02,26,reddit,ojq1gnx,brasilivre,"Eu honestamente acho um livramento que pessoas como você se agarrem ao Bolsonaro. Deus me livre, imagina ter esse cara como militante do MBL."
REDDIT_0077,Form_Reddit_02,27,reddit,ny86jsc,brasil,Essa coisa a mídia grande não vai criticar o Lula pq é o que eles querem
REDDIT_0078,Form_Reddit_02,28,reddit,nxgu96z,brasil,"Vamos mostrar a pose do Lula, todos os lideres da América Latina abraçando e felizão com o Lula. Todos eles conversando e sorrindo entre eles. Já o Milei, lá, num cantinho, isolado Na verdade, isso foi só a primeira vez de muitas que viriam"
REDDIT_0079,Form_Reddit_02,29,reddit,opc9fj9,brasilivre,"O Eduardo Bolsonaro literalmente comemorando o lula solto, mas a culpa é do mbl kk"
REDDIT_0080,Form_Reddit_02,30,reddit,p4909kd,brasil,"Seria uma catástrofe. Lula ainda era um esquerdista raiz, em um mundo onde ainda existia a União Soviética, que estava dando seus últimos suspiros. Seria um novo governo de esquerda em uma época em que a esquerda mundial estava ruindo. E as ideias do Lula eram terríveis. Parecia programa de PSTU, PCO e outros."
REDDIT_0081,Form_Reddit_02,31,reddit,p49tcs4,brasilivre,O Bolsonaro merecia ser preso só por ter indicado esse cara para o STF.
REDDIT_0082,Form_Reddit_02,32,reddit,nxi0ljb,brasil,"O Brasil está nos planos do Trump, a questão é se ele vai aceitar uma vitória do Lula ou não. Se ele aceitar, continuam sugando nossas riquezas dentro do sistema atual. Se ele não aceitar, teremos 1964 parte 2. O TSE tem o bolsonarista Kássio Nunes como presidente, o discurso que o crime organizado é terrorista, que o Brasil está destruindo a Amazônia, de que temos muita corrupção e uma máquina pública toda aparelhada pelos comunistas dos 16 anos de governo do PT, que Bolsonaro é um preso inocente junto de milhares de presos políticos, etc. O exército literalmente protegeu a turba do 8 de janeiro com blindados, o então e ainda atual ministro da defesa, que se diz amigo pessoal de Bolsonaro e dos generais, pediu uma GLO sabendo disso. Enfim, não chamarão nenhum reservistas se decidirem intervir, nossos gloriosos generais irão entregar o Brasil eles mesmos como de costume. Não é à toa que se conta a piada de que o embaixador dos EUA tem os telefones pessoais do Alto Comando e do Estado Maior, assim como os banqueiros tem o do líder da Câmara, que assumiria na falta da chapa vencedora à presidência e faria um acordo, um grande acordo nacional. Com o Supremo, com tudo. Pelo menos é o mais provável analisando o histórico que temos e as circunstâncias atuais."
REDDIT_0083,Form_Reddit_02,33,reddit,o89rspv,brasilivre,">Não é proibido questionar urnas Como várias pessoas já o fizeram, de vários partidos e de vários espectros políticos. >não é proibido ""mentir"" sobre o sistema eleitoral. Não há tipo penal existente para eles. Não há tipo penal porque as normas do TSE são normas administrativas eleitorais, não leis penais. Elas resultam em sanções eleitorais e cíveis, tipo remoção do conteúdo, inelegibilidade, direito de resposta, a depender da gravidade da situação. Por exemplo, Bolsonaro foi condenado à 8 anos de inelegibilidade por abuso de poder político e uso indevido dos meios de comunicação porque a reunião com embaixadores teve claro desvio de finalidade, caráter eleitoreiro e buscando deslegitimar o sistema eleitorla brasileiro, e não crime comum."
REDDIT_0084,Form_Reddit_02,34,reddit,p43hp2u,brasil,"com a baixa capacidade e controle emocional dele, 4 anos de Nikolas na presidência vai ser 10x mais catastrófico que foi quando Bolsonaro estava lá. Ele ganha uma vez, e nunca mais ganha nem para síndico de condomínio."
REDDIT_0085,Form_Reddit_02,35,reddit,ok8smn0,brasilivre,Sim. Aliás até mesmo se você for um conservador de direita e não apoiar a família do Bolsonaro vc já é esculachado aqui. A intolerância é brutal ao ponto q cega as pessoas. Invez de cobrar dos políticos o povo quer torcer igual futebol.
REDDIT_0086,Form_Reddit_02,36,reddit,p497o00,brasilivre,"Não tem defesa. Mas tem verdade inconfessável. Sempre é algum extra que ele tira por debaixo dos panos, no esqueminha. Mas não rola dizer que vai justificar o voto no lula por isso, né."
REDDIT_0087,Form_Reddit_02,37,reddit,odol0g7,brasilivre,São apaixonados. Mero acaso ser paixão pelo Bolsonaro e não pelo Lula.
REDDIT_0088,Form_Reddit_02,38,reddit,op4i5b0,brasilivre,"Até o escândalo do master estourar para o lado dele estava descendo a lenha também, seu erro é achar que os Bolsonaros são leais a alguém, o negócio ali é defender interesse próprio e qualquer amizade que eles tenham é só de conveniência."
REDDIT_0089,Form_Reddit_02,39,reddit,ojl2igj,brasilivre,"Tenho zero admiração moral/intelectual pelo Jair Bolsonaro e provavelmente menos pelo bolsonarismo em geral... não me identifiquei com nenhuma das declarações do OP. Mas apoio o Bolso e o bolsonarismo porque por pior que seja, é incomparavelmente superior as alternativas (viáveis como projeto nacional, que sempre eram só centrão, pt/esquerda e psdb/centro esquerda. Tem direitas ""menores"" que prefiro). E admiro ele ter vindo do nada e quebrado o monopólio da esquerda na política nacional, sem partido, sem apoio político ou financeiro comparável aos adversários, simplesmente se conectou com o povão e criou uma direita BR quando era tudo só mato... Tankou difamação 24/7 por anos, tentativa de assassinato, união de todas as antigas maiores forças políticas contra ele, ditadura do judiciário o perseguindo implacavelmente... E é hoje a maior liderança política do país, encabeçando o maior movimento político. E dentro das suas limitações em termos de poder político, fez um ótimo governo pra padrões br. Fora terem sido ele, família e todos os aliados proximos os mais investigados da história sem acharem nada de corrupção. O que tenho certeza 99% de Brasília não teria esse mesmo resultado se sofresse perseguição similar. Agora, o bolsonarismo vai salvar o Brasil e nos tornaremos primeiro mundo com ele? Não. Não tem as ideias econômicas nem morais corretas. Mostrou não ter força e/ou coragem pra vencer o sistema. Só quem pode salvar o país é o povo. Se vão continuar votando na esquerda/centrão/isentosfera e se vão ser frouxos passivos que não param o país não importa quão absurdo seja o que fazem os poderosos... seguiremos ferrados. Mas pelo menos não tão ferrados, graças ao Bolso. Que chegue logo 2027 pra vermos se teremos um governo bolsonaro de fato dessa vez, com presidente, maioria no congresso, impeachment de stfer e sem golpe da esquerda. E se tivermos isso, pra vermos se agora terão mais bolas pra bater em quem merece apanhar e mudar algo de verdade. Não estou otimista. Mas é possível. Veremos... E ai quem sabe em 2034 temos um Milei/Bukele br, com mudancas mais radicais. Mas o mais importante é mudar a cabeça do povo. São os ativistas, influencers, políticos de nicho... E tenho muita pouca esperança em ver o br médio chegando no mínimo de bom senso necessário."
REDDIT_0090,Form_Reddit_02,40,reddit,o32tgt7,brasilivre,"No cara que é menos ruim dentre os eleitoralmente viáveis, o Flávio Bolsonaro. O resto ou é lixo anal ou é desperdício de voto."
REDDIT_0091,Form_Reddit_02,41,reddit,nxua73g,brasil,"É ai q vc erra. Pra essas pessoas falarsobre Grecia, Mongolia e outros paises ja mostra o quão longe vc ta da realidade delas. Vc ja ta parecendo q quer semostrar superior, elas não vão querer ouvir vc. Vc pode usar Lula e Bolsonaro e até deve, mas deve saber como usar eles pra esplicarsua possição"
REDDIT_0092,Form_Reddit_02,42,reddit,nx6038n,brasil,"Política pública é igual a órgãos humanos, tem que ter compatibilidade entre o doador e o receptor. Geralmente que tem soluções simples para problemas complexos é exatamente uma pessoa incapaz de sair do simples para ao complexo - Conceito aplicado do Jabbour. A realidade da favela da Argentina é parecida com a do Brasil? Será? Acabar com as favelas requer investimento público de longo prazo tanto na população quanto na industrialização do país. Dito isso, eis a nossa radiografia panorâmica: Temer/ Maia conseguiram aprovar uma PEC que limita os gastos primários do governo. O Gov. Lula/Haddad meteram um arcabouço de mesma natureza limitante sobre esses gastos primários. Não suficiente, o Congresso, por Bolsonaro, conseguiu sequestrar o orçamento público (emendas orbigatórias) e ainda meter um sigilo sobre esses gastos (orçamento secreto). A favelização do Brasil é probelma histórico. E é revelado como o país tratou e trata sua política de habitação, de saúde e de segurança pública. Não é sair metendo ministérios do meio da favela que a coisa será resolvida! Por exemplo, aqui no Recife, imitando São Paulo, há uma onda de privatizar bairros historicamente sucateados pela prefeitura. Uma PPP cuja justificativa é ""habitação popular"", mas na prática são outros 500! Entregam essas áreas para a iniciativa privada, com aporte de verba pública, e ergue-se prédios, praças, lojas que no fim só visam a especulção imobiliária. Por que não há uma iniciativa para trazer a galera da favela para esses centros sucateados? Colocar essa galera pra morar perto do centro da cidade onde trabalham? Ajudando a mitigar gastos com transporte público urbano? Pq essa mina não pega como os chineses e os vietnamitas fizeram com suas políticas de urabnização/habitação? Pq o exemplo da Argentina é válido e os dos asiáticos não? Enfim, a mina do vídeo está limita à mera estética urbana. Não existe um programa que pretenda desfavelizar sem encarar as reformas e as ruputuras do atual modelo economico. Seria um programa meramente estético-urbano fadado ao fracasso. A desfavelização é uma consequência natural de um país que aposta no investimento público em gente, em gasto primário, em industrilização do país aliada a políticas habitacionais que resitam a pressão dos interesses privados."
REDDIT_0093,Form_Reddit_02,43,reddit,nxfy5xo,brasil,"Gente, parem com essas idiotices. Inclusive acho que o Lula deve ficar de fora disso porque o Maduro queima muito o filme. O cara fraudou as eleições, ninguém tem dúvidas disso. Tanto que o Brasil nem reconhece o Maduro como presidente eleito. Se ele tivesse feito o correto e aceitado a derrota, não teria esse fim. Imagina se fosse o Lula fraudando o sistema eleitoral? Deixem esse cara pra lá. Foi tarde."
REDDIT_0094,Form_Reddit_02,44,reddit,ojpnu9e,brasilivre,"Gosto mais do modelo progressista, por isso estou feliz que temos dois bons candidatos, Lula e Flávio, além do Renanzinho e seus cogumelos que também corre por fora. É só pau na familia conservadora kkkkkkkkk"
REDDIT_0095,Form_Reddit_02,45,reddit,o336bnk,brasil,"Nem precisa ir tão longe, se ele não tentar-se dar um golpe estaria falando mal do lula agora e estaria forte na eleição."
REDDIT_0096,Form_Reddit_02,46,reddit,opau875,brasilivre,Dias depois da visita do Flávio hahahahaha Definitivamente a oposição que Lula desejou a Deus.
REDDIT_0097,Form_Reddit_02,47,reddit,nxc0ul9,brasil,Cabe a nós trabalhar na memetização do Lula <3
REDDIT_0098,Form_Reddit_02,48,reddit,nxgajsa,brasil,"Esse cara tem uma tara pelo Lula. Dorme e acorda pensando nele. Bolsonaristas e Milei, qual destes é mais obsessivo?"
REDDIT_0099,Form_Reddit_02,49,reddit,odwu8yl,brasil,"Eu sei, ja estudei muito a teologia da prosperidade, meu ponto é que cisão por cisão, n gera perda da força de um movimento, o cristianismo n deixou de existir por causa da cisão protestante (anglicanos, luteranos e calvinistas), então se ocorresse uma briga feia entre as igrejas por causa de politica, n afetaria o movimento evangélico como todo, seriam outros motivos. Talvez gere uma dança das cadeiras entre os membros, de acordo com suas preferencias politicas entre os mais radicais, mas esse n era o ponto que o user q eu tinha respondido. Esse cisma ja ocorreu em 2022 quando muitos dos lideres dessas igrejas, n so apoiaram o Bolsonaro e suas ideias, como também pediram por golpe de estado."
REDDIT_0100,Form_Reddit_02,50,reddit,p47qs7p,brasil,"Nossa, quem fez faculdade pública durante o governo Bolsonaro sabe o quão feio foi o negócio, era corte de orçamento o tempo todo, lembro da faculdade em um ponto não ter dinheiro pra comprar papel higiênico, o cara sucateou tudo que era possível e quase acabou com o ensino superior no país. Não dá pra imaginar alguém lendo isso e sinceramente pensando que isso é uma ótima ideia, aquele período foi cruel."
REDDIT_0101,Form_Reddit_03,1,reddit,o8czeb0,brasilivre,"Se eu mostrasse um link de “Jornal Bolsonaro” você daria credibilidade? Pois é, nem eu xD"
REDDIT_0102,Form_Reddit_03,2,reddit,nxfo4ls,brasil,"Ótima declaração do Lula. É isso mesmo. Faz uma nota de repúdio e joga a responsabilidade para a ONU (que não fará nada). Não vamos criar problemas maiores. Maduro é um ditador e o povo da Venezuela não se opõe a esse intervenção, diferente dos ucranianos, por exemplo. Vida que segue..."
REDDIT_0103,Form_Reddit_03,3,reddit,nx439zt,brasil,"Jorge Messias, o sujeito que o Lula indicou pro STF"
REDDIT_0104,Form_Reddit_03,4,reddit,p4324cd,brasilivre,Implicitamente querendo culpar o Bolsonaro pelo surgimento de uma pandemia causada por pesqusas ilegais de ganhos de funcao financiadas pelos EUA na China. Estou esperando a bolha romper. Ja ouvimos isso ha mais de 1 ano.
REDDIT_0105,Form_Reddit_03,5,reddit,p48nfik,brasil,"Comparar com o bolsonaro é jogar lá pra baixo a discussão é justamente o que o Lula quer, o Family Guy (Flávio Dino) era um nome em ascensão o 9 comprou ele com o STF. Aposta no Haddad que é um peso morto pra não ter que fazer concessões reais dentro do partido. Outros exemplos: * **Alckmin** (vice + ministro): ex-tucano, adversário de Lula em 2006, neutralizado como alternativa de centro. * **Simone Tebet** (Planejamento): 3º lugar em 2022, puxada pra dentro do governo. * **Boulos** (Secretaria-Geral, PSOL): quadro em ascensão, perdeu SP em 2024, trazido pra órbita"
REDDIT_0106,Form_Reddit_03,6,reddit,op92pgi,brasilivre,Luiz L Lula da silva? Seria o equivalente a Luiz Ladrao Lula da silva?
REDDIT_0107,Form_Reddit_03,7,reddit,p4902ax,brasilivre,"""Não vejo ele atacando o Lula"" Então abra os olhos."
REDDIT_0108,Form_Reddit_03,8,reddit,ok2annt,brasilivre,"Eu vou votar nele, mas vai ser mais pelo Kim (que diga-se de passagem, faz um excelente trabalho), eu analisei as propostas e são boas, mas o duro vai ser colocar elas em práticas, e entre votar em um ladrão condenado ou no ladrão que tem rabo preso, eu prefiro votar nele que é um ""desconhecido"" mas que não tem histórico de corrupção, na verdade o histórico dele diz o contrário já que lutou pela queda de uma pedra que estava na presidência. E convenhamos, o pessoal só não gosta dele porque não foi a favor do Bolsonaro, e não estava errado, Bolsonaro foi outra pedra na presidência que não somou nem subtraiu em nada, ele resolveu algumas coisas economicamente falando, mas de resto foi só mais do mesmo."
REDDIT_0109,Form_Reddit_03,9,reddit,p43tv3b,brasilivre,"Estado todo aparelhado pelo PT, crise MUNDIAL do custo de vida, e o cara realmente acha que vai melhorar se o Lula não ganhar"
REDDIT_0110,Form_Reddit_03,10,reddit,p493mct,brasilivre,"Aí é só o pai parar de levar a crianca na igreja e pode voltar a estuprar a crianca em paz e ela nunca vai ser capaz de entrar em contato com alguem que possa denunciar. Fora que a escola é treinada, ou pelo menos deveria ser, para identificar abusos dentro de casa. A comunidade não Por que o Estado é um aparato coercitivo e se uma pessoa quer deixar de levar o filho a escola, os responsáveis devem ser multados/presos e perderem a guarda. >Se a criança não é posse da família ela é posse de quem? Do estado? Sim, eu prefiro que o filho do Seu Zé seja posse do Seu Zé do que posse do Lula ou do Bolsonaro, será que sou muito louco por achar isso...? Papo de pedófilo do caralho. Criança não é posse de ninguém, os pais não são donos dela, eles apenas são responsáveis. É por pensamento merda desses que tem pai que acha q pode meter um tapa na crianca, e no pior dos casos de que pode abusar sexualmente das crianças"
REDDIT_0111,Form_Reddit_03,11,reddit,p3xr1pr,brasilivre,"Lula é tão bom que precisou da ajuda do Xandão no TSE e da mídia criando uma narrativa de que o Bolsonaro era uma ameaça a democracia. Não fode. Agora todo mundo menos o gado já viu que com Lula é só censura e imposto, não tem picanha e nem viagem de avião."
REDDIT_0112,Form_Reddit_03,12,reddit,p495f5t,brasil,OBRIGADO PRESIDENTE LULA
REDDIT_0113,Form_Reddit_03,13,reddit,nx9cq1o,brasil,"Desde 2018, não? Oloko. Tinha até a rede social chamada iFunny. Lá, entre mtos posts anti-(insira minoria aqui), tinha uma massiva campanha pró Bolsonaro kkkkkkkkkkkk tempos sombrios"
REDDIT_0114,Form_Reddit_03,14,reddit,o3chayx,brasilivre,"A aplicação da lei no Brasil é seletiva. Tudo contra a direita e tudo a favor da esquerda. Esse é o problema. Bolsonaro foi tornado inelegível por subir num carro de som, alegando abuso de poder econômico. Lula doou milhões pra escola de samba fazerem enredo sobre ele em ano de eleição, e tá tudo certo."
REDDIT_0115,Form_Reddit_03,15,reddit,o3dwml3,brasilivre,Então vc não viu a pesquisa que 10%+ dos petistas votaram no bolsonaro ou que 20% dos votos do Lula são do Ciro
REDDIT_0116,Form_Reddit_03,16,reddit,nx502pa,brasil,"Não, ele foi cooptado, talvez pelo medo, talvez por ganância, talvez por desavenças pessoais. Quem acompanhou na época deve se lembrar. Ele inventou uma aplicação de uma teoria alemã, totalmente fora de contexto, a teoria do domínio do fato, pra justificar, de forma totalmente absurda, a perseguição que fez ao núcleo petista da época, em especial ao José Dirceu, e desarticular o governo. É sabido, por exemplo, que assim como o autor das teses que Fux citou no julgamento do Bolsonaro declarou que não fazia nenhum sentido aquilo, o autor da teoria do domínio do fato refutou o seu uso da forma que foi utilizada por Joaquim Barbosa. O Mensalão foi a ante-sala da lava jato, o treino pro lawfare que seria aplicado até 2019. As posições dele depois, pouco importam. Se o Toffoli sair do STF e se colocar como petista, ninguém vai ligar. O que ele fez todos sabem, e a ação é o critério da verdade. Adicionei mais fatos ao meu comentário original, se quiser comentar."
REDDIT_0117,Form_Reddit_03,17,reddit,p443p23,brasilivre,"Mds eu ja to de saco cheio de voces BURROS QUE NAO SERVEM NEM PRA PESQUISAR NADA, vai pesquisar e se informar imbecil, e coloca na sua cabeça de merda que lula e Bolsonaro sao a mesma merda"
REDDIT_0118,Form_Reddit_03,18,reddit,nxeptto,brasil,"Bolsonaro, collor, FHC, Temer… não importa o nome, importa quem pode implantar a agenda conservadora. A mídia hegemônica em geral e o mercado nunca foram contra a agenda bolsonarista, eles são contra Bolsonaro que se mostrou um presidente errático (o que é pior do que ser medíocre) . Vendo que não dá futuro investir em alguém eles simplesmente passam para a próxima opção (alguém lembra que a Globo ainda tentou investir no Moro até que entendeu que tb não tinha futuro ali é simplesmente o abandonou…)"
REDDIT_0119,Form_Reddit_03,19,reddit,p457iwv,brasil,"O Lula nunca foi muito entendido da questão econômica, etc, isso fica claro nos debates dele antes da eleito, o PT segue a ideia de frente ampla, e na falta de muita noção na área ele seguiu o que tinha, o Haddad em alguns pontos é até mais liberal que o Guedes, e o resto dos economistas mais famosos é ladeira abaixo, apesar de que ele deveria ter aprendido algo com o Ciro a esse ponto"
REDDIT_0120,Form_Reddit_03,20,reddit,nx6ar82,brasil,"Bolsonaro não está sendo chamado de presidiário nem estando literalmente preso, 4 anos de Bolsonaro falando merda de hora em hora não rendeu nenhuma piada nova, continuaram requentando o ""estocar vento"" e ""saudação à mandioca"" desde a década passada, não esperem que algo mude nesse sentido."
REDDIT_0121,Form_Reddit_03,21,reddit,opav8bj,brasilivre,"Não ironicamente é exatamente isso que o missão precisa aprender antes de ganhar uma eleição. Essss Lula old school concorreu pra eleição 3 vezes antes de ganhar em 2003. Toda vez que ele perdia na próxima eleição voltava menos radical, assim que se ganha uma eleição. Na primeira eleição o cara falava de se for eleito a revolução comunista começava no dia 2 de governo e fds, totalmente radical. Na segunda eleição não tinha mais revolução comunista mas falava em desapropriação de terra…"
REDDIT_0122,Form_Reddit_03,22,reddit,p46hsvw,brasil,Vc descreveu o Lula. Será que é regra todos seguirem esse caminho?
REDDIT_0123,Form_Reddit_03,23,reddit,o7yysm5,brasilivre,"Nessas eleições, há apenas dois candidatos: 🦑 e F. Bolsonaro. O resto e distração."
REDDIT_0124,Form_Reddit_03,24,reddit,o32mcca,brasilivre,"e infelizmente vai ganhar, se a direita n se uniu pelo bolsonaro, n da pra achar q vai pelo flavio"
REDDIT_0125,Form_Reddit_03,25,reddit,ok2d8lo,brasilivre,"Forçado, arrogante e surfando no hype do bolsonaro"
REDDIT_0126,Form_Reddit_03,26,reddit,odpc3md,brasilivre,"A minuta foi encontrada na casa do ex-ministro do Bolsonaro. O documento propondo golpe de Estado, foi discutido em várias reuniões com a cúpula do Governo e com o próprio Bolsonaro presente. Existiam várias cópias dessa minuta em arquivos impressos e também digitais. Só falta você usar a carta do ""o Bolsonaro não sabia"" disso... Me lembra até um certo outro presidente... Sobre ""cogitação não ser crime"", eu concordo. De fato pensar não é crime. Mas quando você tem documento, articulação, tentativa de envolver militares, etc... isso deixa de ser pensamento/cogitação. E eu sinceramente falo isso odiando o STF como qualquer pessoa sã nesse país. Mas também não sou cego ao ponto de dizer que o Bolsonaro não estava planejando um golpe de Estado. Mas uma vez repito: Se fosse o Lula no lugar do Bolsonaro, você teria essa leniência toda? Eu duvido muito e você também sabe que não teria. Então sejamos sinceros com nós mesmos."
REDDIT_0127,Form_Reddit_03,27,reddit,odon5lr,brasilivre,Começou no governo bolsonaro logo depois dele acabar com a lava jato.
REDDIT_0128,Form_Reddit_03,28,reddit,okah72d,brasilivre,Tá excelente por 2 reais! Mas tb é meio triste ver que a situação do país tá tão ruim que as pessoas estão tendo que depender deste recurso pra não passar fome =( Vamos votar 13 no Lula pra ajudar a reverter a crise que o Bolsonaro meteu a gente!
REDDIT_0129,Form_Reddit_03,29,reddit,odsmrqg,brasil,"da extrema direita? oq mais se ve nessas manifestaçoes pro bolsonaro é galera defendendo israel. o meu questionamento é que nao se ve muita contestaçao do povo judaico sobre o sionismo, entao me parece que a maioria é cumplicente"
REDDIT_0130,Form_Reddit_03,30,reddit,o89w3fr,brasilivre,"Foda-se o bolsonaro, ele tem nada a ver com o assunto aqui O Arthur falou que estava correto derrubarem o canal do Monark [defendeu censura estatal] pelo vídeo que ele fez. Então não é pra questionar tudo, esse é o ponto"
REDDIT_0131,Form_Reddit_03,31,reddit,o3247n8,brasilivre,"Eu concordaria se você tivesse escrito que com o TSE pendente para um lado a direita **bolsonarista** não ganha mais. Mas a sua simplificação é mambembe e não tem lastro real. O Sudeste deu a vitória ao Lula em 2022 com votos acrescentados ao que tudo indica por conta de todo o fatalismo que se fez em torno de o Bolsonaro reeleger-se, e com tudo isto a vitória do incumbente ainda foi apertadíssima. Não significa que acontecerá o mesmo este ano."
REDDIT_0132,Form_Reddit_03,32,reddit,ojqmqvw,brasilivre,Sim. Lula é ladrão. O filho dessa merda idem.
REDDIT_0133,Form_Reddit_03,33,reddit,o3czbfy,brasilivre,"[Flávio Bolsonaro vence em 2º turno contra Lula, diz pesquisa](https://www.poder360.com.br/poder-pesquisas/flavio-bolsonaro-vence-em-2o-turno-contra-lula-diz-pesquisa/) Eis uma pesquisa favorável aos Bolsonaro, de janeiro, que está registrada no TSE e foi amplamente divulgada. Será por quê?"
REDDIT_0134,Form_Reddit_03,34,reddit,nx984wg,brasil,Tem também os canais de games que de uma hora pra outra começam a falar de política e transformam sua audiência em gados do Bolsonaro.
REDDIT_0135,Form_Reddit_03,35,reddit,p43fgvh,brasil,"após ele, teremos 8 anos de bolsonaros. mas como farão muita merda, voltará a direita ""moderada"" e seguirá governando o país por um bom tempo. talvez a esquerda nunca volte mais."
REDDIT_0136,Form_Reddit_03,36,reddit,op3irsp,brasilivre,Porque a galera daqui pegou pilha com o partido missão? O pessoal aqui é pro Bolsonaro?
REDDIT_0137,Form_Reddit_03,37,reddit,nxissvw,brasil,"O que o Tarcisio fala não deveria ser noticia. 0 surpresa. Se tem algo haver com Lula, ele vai atacar. Que sono, sinceramente."
REDDIT_0138,Form_Reddit_03,38,reddit,o3jqckd,brasilivre,"Já vi pesquisa mentirosa, mas o microscópio MBL, apoiador do lula com o nem lula nem bolsonaro, com mais de 7% aí já é demais."
REDDIT_0139,Form_Reddit_03,39,reddit,o81hmkz,brasilivre,"É a falsa ilusão de variedade, aliás o que é super comum. Na esquerda é sempre só o Lula sozinho, e no que não é esquerda são milhares de candidatos disputando separadamente contra o Lula. As pessoas repetem essa fórmula mesmo sem saber. Imagina como seriam as pesquisas se fizessem com a esquerda o mesmo que fazem com a direita, as vezes colocando dois ""supostos"" candidatos do mesmo partido, aliados de longa data e tudo mais. Imagina se fosse só Flavio Bolsonaro no lado da direita, e Lula, Haddad, Marina, Jandira, Boulos, Suplicy, Gleise, Quáquá, a galera toda disputando intenção de voto contra o Flavio Bolsonaro sozinho. Ia ser tão armado quanto. E ia ter uma chiadeira geral."
REDDIT_0140,Form_Reddit_03,40,reddit,p476n8u,brasil,Rapaz antes eu odiava o PT e Lula mas hoje acho ele um FDP de respeito. Não voto nele mas é um FDP de respeito. O cara zerou a parada.
REDDIT_0141,Form_Reddit_03,41,reddit,nxh527y,brasil,"Bom, dito isso, não vai fazer nada. Lula é bêbado mas não é maluco de bater de frente com o Trump."
REDDIT_0142,Form_Reddit_03,42,reddit,o37z5xf,brasilivre,"Cara, o problema não é ser de direita. É ser capacho de imperialista, cara. Esses mesmos vem pagar de patriotas. Olha como Bolsonaro era lambe botas mas até hoje é tudo como patriota."
REDDIT_0143,Form_Reddit_03,43,reddit,ok352iu,brasilivre,"Eu votaria no Renan Santos do Bumbum Livre contra o Lula sem pestanejar, mas os caras não entendem que para os bolsonaristas *hard-core* o isentismo é imperdoável e nunca receberão votos deles por conta disto."
REDDIT_0144,Form_Reddit_03,44,reddit,nxc9gbc,brasil,tá me lembrando de quando o mbl comprou a da corrupção brasileira memes… passou de memes apartidarios e realmente engraçados sobre politica pra uma chupação generalizada de rola do bolsonaro & cia
REDDIT_0145,Form_Reddit_03,45,reddit,o3fahv1,brasilivre,Bolsonaro traiu os bolsonaristas friendo. Único político que tem planos e vontade de aplicar esses planos é o Renan 14.
REDDIT_0146,Form_Reddit_03,46,reddit,odtrz61,brasil,Mas o Flávio quer entregar as terras raras pros EUA. Isso não mudou. E do jeito que o clã bolsonaro ama babar nas bolas dos gringos só faltava dar o território junto
REDDIT_0147,Form_Reddit_03,47,reddit,op4m8gs,brasilivre,Tipo a ministra do Lula ligada a milicianos? Qual ministro o Bolsonaro colocou que era miliciano?
REDDIT_0148,Form_Reddit_03,48,reddit,o35fa4c,brasil,"Lula está na corrida presidencial, então centrão está também. (Voto no Lula desde 2002, antes que venham me acusar de bozonazista, só dizendo que os tentáculos do centrão encostam no lula também)"
REDDIT_0149,Form_Reddit_03,49,reddit,oj8asbr,brasilivre,Eu tô achando que o lula nem vai concorrer. Ele tá vendo que a maré virou contra ele
REDDIT_0150,Form_Reddit_03,50,reddit,nxcb3h7,brasil,"É só humor mesmo, alguns com coisas do bolsonaro. Não tem nada de mais"
REDDIT_0151,Form_Reddit_04,1,reddit,o3d428x,brasil,Chance do Lula ser reeleito é 0%
REDDIT_0152,Form_Reddit_04,2,reddit,odlpcr8,brasilivre,"Nasceu ontem é isso? Bolsonaro por exemplo, era uma incógnita, ele é julgado hoje pelos resultados do governo. Flávio é uma incognita, porém tem o apoio e é rodeado das mesmas figuras do governo Bolsonaro. Muitas dessas figuras ao redor dele, que dão aval, irão cobrá-lo para que se mantenham como alinhados. Lula no primeiro termo como presidente foi quase que o oposto de como se apresentava por toda sua carreira política, tanto que a cupula do PT rachou e até fundadores do partido abandonaram o PT. Lula todas as eleições mentiu sobre tudo, nas últimas eleições novamente mentiu sobre tudo que pretendia fazer, e repetiu o mesmo plano economico de excesso de gastos, de corrupção e de irresponsabilidade fiscal, fora querer controlar a internet e censurar a oposição enquanto mente sobre defender a democracia. Não tem a ver com o que ele fala, tem a ver com as ações comprovadas. Qualquer pessoa com mais de 70 de QI sabe que o proximo governo Lula vai ser mais do mesmo. Sério, você soa bastante ingênuo."
REDDIT_0153,Form_Reddit_04,3,reddit,ojstlsp,brasilivre,"Não são não, o Lula está acabado, não conseguem indicar nenhum ministro para o STF, um papelão que não acontece tem mais de 132 anos, e a militância quer fazer uma base de comparação que não existe"
REDDIT_0154,Form_Reddit_04,4,reddit,opcckql,brasilivre,"Os Bolsonaro não trabalham pela direita, os Bolsonaro trabalha exclusivamente por eles próprios. Só que o brasileiro médio qi 83 acha que política é tipo time de futebol, que o cara escolhe um time e torce incondicionalmente."
REDDIT_0155,Form_Reddit_04,5,reddit,opbx33d,brasilivre,Não foi a família Bolsonaro que fez isto. Deixe de exagero.
REDDIT_0156,Form_Reddit_04,6,reddit,p47a1e2,brasil,"4 anos de direita dos bolsonaros e eu concordo com você. Mas se colocar um cara la minimamente não burro(veja bem, não to falando de alguém inteligente e nem alguém competente, apenas não burro) já vai ser suficiente pro cara ficar 2 mandato e eleger sucessor depois."
REDDIT_0157,Form_Reddit_04,7,reddit,nxgesrl,brasil,"Então, você está pondo na mesma prateleira Ulisses Guimarães e Jair Bolsonaro. Você sustenta está afirmação?"
REDDIT_0158,Form_Reddit_04,8,reddit,nx982u9,brasil,"Entendi, então posso matar 1 pessoa sem problemas, já que o Bolsonaro deixou 700 mil morrer de fome. Aproveito, qual é o limite de pessoas que posso matar antes de ser julgado por vocês?"
REDDIT_0159,Form_Reddit_04,9,reddit,nxizt24,brasil,Eu não acho que o governo Lula se quer acha que existe amizade. Foi feito um acordo. A diplomacia brasileira é muito boa. Com certeza o governo sabe e considera possibilidade de intervenções mais diretas dos EUA.
REDDIT_0160,Form_Reddit_04,10,reddit,p44o7t3,brasilivre,"Na verdade, o Nikolas já aprovou projeto que virou lei. Em suma, isto não é nada demais. Não é projeto que vai consertar as coisas. >Mais uma bobagem que você falou, essa vai ser a última eleição de ambos. Se Flávio ganhar (não vai), nunca mais pisa na presidência ou em qualquer outro cargo de tão ruim que vai ser seu governo. Se Lula ganhar, vai ser o último mandato dele pois não vai poder se candidatar em 2030, muito menos terá idade pra ser presidente de novo. Assim como o Lula não ia tentar a reeleição este ano, certo? 🙄 Realmente quem é ""Nem Lula, Nem Bolsonaro"" acredita mais facilmente em narrativas. Vaso ruim não quebra, e não há limite legal para ser presidente. De qualquer forma, o PT vai consolidar o aparelhamento dos tribunais para garantir o caminho para o seu successor se o Lula sair. >E outra, Renan já é o que tem mais votos no público entre 16 e 24 anos, isso é evidente em todas as pesquisas. O eleitor mais novo está com Renan e vai continuar assim nos próximos anos, quem está vivendo em uma bolha é você. A maioria das pesquisas que vi está dando o Lula à frente nessa faixa. O eleitorado jovem frequentemente muda de opinião e, na melhor hipótese, demorará muito ainda até o pensamento deles dominar."
REDDIT_0161,Form_Reddit_04,11,reddit,nxfls4x,brasil,Arma nuclear é questão de soberania. Não tem nada a ver com qual governo esteja no poder. O Bolsonaro não poderia simplesmente explodir o que ele quisesse.
REDDIT_0162,Form_Reddit_04,12,reddit,odomyt8,brasilivre,"Eu já falei isso aqui algumas vezes e falo novamente: O próprio governo Bolsonaro criou uma MP pra aumentar a fiscalização de descontos sacados do INSS e até tentar impor biometria na hora do saque, mas em 2022 o PT derrubou essa medida no congresso. https://www.gazetadopovo.com.br/economia/em-2022-congresso-revogou-lei-de-bolsonaro-contra-fraudes-em-descontos-do-inss/ Quanto a questão do Banco Master, eu realmente tô por fora. Qual a ligação do Bolsonaro com o Daniel Vorcaro? (Pergunta séria)"
REDDIT_0163,Form_Reddit_04,13,reddit,ojq4e4q,brasilivre,"O Lula sabe ler, petistas sabem escrever e os correios vão entregar. MAS SÓ JUMENTO PRA ACHAR QUE ELE SEQUER SE IMPORTA EM LER!"
REDDIT_0164,Form_Reddit_04,14,reddit,nxbkvev,brasil,"Pra mim, esse papo de Filipe Martins, desde o início é a merda do calcanhar de aquiles dessa porra toda. Pelo conjunto da obra, Xandão já deveria ter aberto mão, let it go. Mas pra ele parece que é questão de honra. Linkedin? ""Total desrespeito as restrições"" kkkkk o bolsonaro aparecia em celulares uma vez por semana. Trama golpista, um nucleo formado por militares das mais altas patentes, generais envolvidos e um presidente em exercicio. Dai me vem a investigação falar que o cara de 2x anos, nao militar, foi um dos articuladores e que fez a minuta? Ele é um vilão de anime? Um genio da manipulação? Ou é alguém que, por nao ter fechado delação só esta se fodendo das mais bizarras formas. Eu nao vou nem entrar no mérito do saiu ou nao do pais, da solitária, usou ou nao o linkedin. Mas eu acho que ele era um alvo muito facil desde o começo, tanto é que a pena é maior do que de muito militar e ainda nao sei o motivo kkkkkk É feião para todo o caso. O advogado dele é uma mala? É. Vai la processem ele se cometer crime, se mentiu. OAB se manifesta."
REDDIT_0165,Form_Reddit_04,15,reddit,ope8zsb,brasilivre,"* Meu Deus amigo, que parte vc não percebeu que a família Bolsonaro tá fazendo merda atrás de merda? Onde já se viu um senador da república achar bom intervenção americana aqui? Ou pedir tarifas contra a indústria? Se vc acredita nessa turma não tem muito o que se debatido. Estou torcendo para que sejam todos presos por lesa patria. Pedir tarifas??? ele não esta pedindo tarifas, nesta noticia em especifico ele esta pedindo o contrario das tarifas. **Não e justamente isso que você critica? você falou tanto sobre as merdas atras de merdas que ele esta fazendo, que eles deviam fazer diferente:** Ai agora esta reportagem onde eles estão fazendo justamente isso: supostamente agora eles estão fazendo diferente! pedindo remoção das tarifas. * Flávio diz que enviará carta a Trump contra nova proposta de tarifaçoEm vídeo publicado nas redes, senador disse, porém, que cabe ao presidente Lula ""resolver"" questão com o governo dos Estados Unidos * **""De qualquer forma, eu vou enviar uma carta ao governo americano pedindo que ele não aplique tarifas às empresas brasileiras"", disse o senador em vídeo publicado nas redes sociais.** Você fez 5 msg's enrolando, com indireta e bait, e resolveu então da rege ao ser confrontado com sua hipocrisia? Você esta fazendo chacota, rage numa noticia em que supostamente os bolsonaro estão fazendo TUDO que você pediu, Sinceramente, eu to nem ai para o flavio, acho um bosta, como falei desde do inicio, minha msg e sobre incoerência. Ja disse aqui e digo de novo: sou anti stf PT, ate o MBL se for la, o renan contra o lula eu voto, e voto sem medo, pois considero ate ele menos pior que o lula. Não e sobre eu acreditar ou não, e sobre você ser coerente, como age ou se e so bait-troll padrão, se esconder atras de rage, e ate outra indireta com ofensa sobre oque eu acredito ou não, e comportamento de troll. Você vai explicar ou vai provar tudo que eu falei aqui?"
REDDIT_0166,Form_Reddit_04,16,reddit,nxfls8p,brasil,Putaquepariu não teve acordão então? Oh caralho fica quieto Lula
REDDIT_0167,Form_Reddit_04,17,reddit,nxgr48y,brasil,"Terras raras foram embora, juros 15% ao ano (sendo que o PT falou que era culpa do campos neto) COP 30 (balcão de vendas da Amazonia) privatizações disfarçadas de PPP….. a diferença é que o Bolsonaro coloca no twitter as cagadas que faz e o lula faz por debaixo dos panos"
REDDIT_0168,Form_Reddit_04,18,reddit,ok8y43y,brasilivre,"> Kim foi relator da primeira lei de fake news; Sim, mas a lei só avançou após a relatória do Orlando Silva. Você sabe me explicar porque? > Kim fez grupo de Whatsapp com Freixo, Frota e Hasselman para trabalhar a narrativa do ""gabinete do ódio"", que levou a criação do Inquérito das Fake News; Fontes? Até onde sei, o Inquérito das Fake News foi instaurado por Dias Toffoli em março de 2019, de ofício, e não por causa de um grupo de WhatsApp do Kim. Um dos propósitos do Toffoli era censurar a reportagem da Crusoé sobre “o amigo do amigo de meu pai”. > Defenderam lockdown, e denunciaram festinha privada pra Polícia (não acreditam no direito de ir e vir, de livre associação, e tão cagando pra liberdade econômica); > Defenderam vacina obrigatória (o seu corpo não é seu, é do Estado); Jovem, a pandemia foi um evento excepcional. Dá para criticar excessos, mas transformar toda decisão tomada naquele contexto em prova definitiva de autoritarismo é uma leitura retrospectiva simplista demais. > Apoiaram toda perseguição do Xandão. Defenderam a prisão do Daniel Silveira. Comemoram a prisão do Filipe Martins como se fosse final de Copa do Mundo. Renan falou que Olavo de Carvalho tinha que ser preso (apenas por falas); Mentira. Vocês tiram de contexto alguns tweets pra fazer uma acusação que não se sustenta na realidade. Mas a parte do Filipe Martins é verdade, porém precisamos entender o motivo: não foi o Filipe Martins que usou a ABIN para persegui-los e coloca-los na cadeia com um processo criminal tão esdrúxulo que foi rejeitado na primeira instância? > Renan disse que ""esse negócio de liberalismo econômico não tá com nada""; Talvez você não esteja prestando atenção, mas o liberalismo econômico está morrendo. Trump trouxe de volta políticas industriais, protecionismo e nacionalismo econômico. O mundo está mudando diante dos seus olhos, é bom prestar atenção. Milei é hoje o grande experimento liberal em andamento, mas ainda é cedo para cravar o resultado final na Argentina. > Renan é favorável ao aborto e despreza os valores cristãos; Mentira. > Arthur votou contra privatização na Alesp; Nem toda privatização é automaticamente boa. Um liberal pode defender privatizações em geral e ainda rejeitar uma modelagem específica se entender que ela cria monopólio mal regulado, insegurança contratual, aumento artificial de tarifa ou privilégio para grupo específico. > Fizeram campanha em favor do Janones. Os caras fizeram UM TWEET elogiando o Janones numa época em que ele ainda não tinha sido exposto como o vagabundo que ele se provou ser. PQP bicho, né possível que vc está nessa. > Fizeram campanha contra o Bolsonaro, Trump e Milei; E dai? Qual o peso do MBL nas eleições brasileiras? Qual o peso do MBL nas eleições Argentinas? E nas eleições americanas? No caso das eleições de 2022, vocês precisam se decidir se o MBL é irrelevante ou se o Bolsonaro perdeu pela falta de apoio do MBL. Os dois não dá. > Se juntaram a PT, PSOL e PSTU em prol do impeachment do Bolsonaro (quando isso claramente traria o Lula de volta ao poder); Sim, e se tivessem feito o impeachment do Bolsonaro, talvez hoje o Lula não estivesse no poder, visto que a condução do Bolsonaro na pandemia FOI PESSIMA, o que fez com que ele perdesse votos em diversos lugares onde ele ganhou em 2018. > Kim passou anos dizendo que ""é fato que nosso sistema eletrônico é fraudável"" e que ""o voto impresso é o melhor dos dois mundos"", mas votou contra a PEC do voto impresso (se fosse pra tirar o Bolsonaro, tava valendo fraude); Tá, e dai? Ninguém pode mudar de opinião? É isso? > Se manifestou contra e recusou a assinar a CPI do Abuso de Autoridade contra o Xandão em 2022; Tá, e dai? Isso, isoladamente, não prova nada. Os caras fizeram uma revista inteira explicando como o Xandão conseguiu acumular tanto poder e criticando nossa constituição por abrir brechas que permitam que isso aconteça. E o Kim é um dos deputados que mais fala que precisamos de uma nova constituição porque esta que está ai não segura mais o STF. > Votou a favor da Reforma Tributária do Taxxad; Essa reforma não é do Taxxad e ela era exatamente a mesma que estava pra ser votada no Governo bolsonaro se o Bolsonaro não tivesse sabotado o Guedes. E essa reforma é boa, ela simplifica muito o sistema tributário brasileiro e expõe de forma clara algo que TODO MUNDO sabe: pagamos o maior IVA do mundo, mas antes era dificil calcular porque isso estava escondido em um sistema tributário absurdamente complexo, e agora está exposto. O objetivo da reforma tributária não era baixar impostos, era modernizar o sistema tributário, e nisso essa reforma foi muito boa sim. E detalhe, existia uma reforma ainda melhor proposta pelo Luiz Philippe de Orleans e Bragança (PEC 7/2020), porém ela foi totalmente rejeitada pelo Bolsonaro e Paulo Guedes. > Votou a favor do governo batizar a nossa gasolina com ainda mais álcool; Mentira espalhada pelo Nando Moura. > Disse que o processo do golpe do 8 de janeiro era todo viciado e que os manifestantes estavam presos injustamente. Mas que se a anistia beneficiasse o Bolsonaro, ele votaria contra (pra ele vale manter centenas de inocentes presos, se isso for prender seu desafeto político); Em 2006, o MST invadiu e depredou o congresso. Podemos dizer que eles também eram inocentes? > Não deu sua assinatura ao pedido de impeachment do Xandão protocolado por Flávio Bolsonaro, que conseguiu assinatura de centenas de parlamentares; Desde quando um deputado federal pode assinar pedido de impeachment? Mudaram as regras? Além disso, o Flávio deve ser o senador que menos assinou pedido de impeachment, ele é o cara que acredita na auto regulação do STF."
REDDIT_0169,Form_Reddit_04,19,reddit,opbxtsv,brasilivre,"Assino com o relator. Querem direita limpinha concorrendo com um bandido da pior especie, criticam quem discorda 80% mas ficam quietos com quem discorda 100%. Vamos primeiro varrer essa escória e os outros 20% a gente vai organizando e revezando. Se colocarem um CONE contra o LULA eu voto no CONE. não me importo quem chegar contra o LULA, tem meu voto."
REDDIT_0170,Form_Reddit_04,20,reddit,o3ku0qn,brasilivre,"Agora vai kkkkk A cada campanha o Lula modula o discurso conforme a pauta do momento. Inventaram que tinha 300 trilhões de mortos de fome no governo Bolsonaro, ele foi lá e prometeu picanha e cerveja. Os esquerdistas começaram a fazer autocrítica sobre o fato de negligenciaram a segurança pública e não terem proposta a respeito, Lula vai lá e mete essa aí."
REDDIT_0171,Form_Reddit_04,21,reddit,ok1d47x,brasilivre,"O eleitorado do PT com certeza. É todo programado para odiar evangélicos e criaram uma ficção na cabeça deles de que se não fizerem o L para sempre o Bostil vira uma nação mitica que eles chamam de “Evangelistão”. Volta e meia sempre acho alguém fazendo essa narrativa em outros subs. É engraçado porque o próprio Lula já viu que o PT nunca mais vai ganhar nada (a não ser a Bahia e talvez a presidência) se não conquistar o eleitorado evangélico. Mas nem os poderes de encantador de burro de painho conseguem apagar esse ódio visceral que petista sente de crente, parece um treco que ganhou vida própria."
REDDIT_0172,Form_Reddit_04,22,reddit,nx8aqei,brasil,"Mais um mamador do Lula se preocupando em lacrar ao invés de curtir o momento na praia com a família. Só consegue viver dessa forma mesmo, negando a realidade e fazendo piada pra esconder de si próprio a vergonha de ser esse lixo de ser humano vivendo num país de acordo com ele mesmo."
REDDIT_0173,Form_Reddit_04,23,reddit,nxguyuh,brasil,"Isso fale mais merda lula, só acelera e confia"
REDDIT_0174,Form_Reddit_04,24,reddit,ojd43tj,brasilivre,"Rapaz, o que uma derrota no congresso que não aprovou o office boy do Lula no STF faz ein"
REDDIT_0175,Form_Reddit_04,25,reddit,nxfizwc,brasil,"Algo de bom? Vão tirar um ditador e colocar o ditador deles, vão desestabilizar ainda mais o país e quem sabe o que mais, olha todos os países do oriente médio que os eua colocaram as mãos como ficam. EUA não é a polícia do mundo, não tem direito de fazer nada, magina se agora eles alegam algo com o Lula, invadem e botam o minto? Seria alegria e felicidades? Eles não têm o direyde fazer isso! Se vc acha o contrário, até o tico e o teco aí brigaram e não se falam mais"
REDDIT_0176,Form_Reddit_04,26,reddit,nx47mc8,brasil,"O ser humano tem desvio de caráter e tem algum fanatismo por algo. Acredita em facilidades e odeia a complexidade. Aqui na cidade em 1975 teve um boato que a barragem ia estourar. Pronto foi correria e pessoas morrendo de infarto apenas por acreditar na inundação. As pessoas acreditam nas coisas por medo ou por conveniência. Só em odiar o presidente Lula ja 99% de chance da seita acreditar nas fake News contra o governo. O povo acredita em Jesus por ser o salvador e garantir um lugar no paraíso,é a famosa crença por conveniência."
REDDIT_0177,Form_Reddit_04,27,reddit,o353dpi,brasil,"Dólar em baixa, pleno emprego, inflação sobre controle… como o Lula é sortudo, não?"
REDDIT_0178,Form_Reddit_04,28,reddit,o8aw2df,brasilivre,">Tem tudo a ver Os sujeitos do tema são O vídeo que o monark fez questionando algo O Monark O arthur Foda-se bolsonaro. Não interessa o bolsonaro. Nem o tema do próprio vídeo é relevante aqui. O que é relevante é: - Monark fez um vídeo questionando algo - Arthur se posicionou dizendo que não podia questionar aquilo - Logo, a posição do Arthur não é mais ""vamos questionar tudo"", pois se algo não pode ser questionado, então não dá pra questionar tudo Você está se perdendo buscando puxar assuntos terceiros quando o assunto aqui é unicamente a mudança de comportamento do mamaefalei. >Existe uma diferença entre questionar o seu sistema eleitoral e disseminar em massa uma afirmação Logo, a posição do Arthur foi de ""vamo questionar tudo"" para ""vamos questionar tudo que o estado deixa ou eu concorde"". Tudo significa TUDO. Se eu não posso questionar alguma coisa porquê alguém diz que é afirmação falsa, então ou a pessoa está sendo hipócrita ou o português que ela fala é diferente do meu. E outra coisa, se a afirmação do Monark era falsa, bastava refuta-la no debate e não apelar pra censura estatal. Só do Arthur ter defendido censura estatal já mostra que ele mudou muito [ou nunca teve valores liberais]"
REDDIT_0179,Form_Reddit_04,29,reddit,p43tv59,brasil,A esquerda nem queria o Lula! Só foi eleito porque bolsonaro è tão ruim que perdeu pro Lula
REDDIT_0180,Form_Reddit_04,30,reddit,odqiv5d,brasilivre,"Amigo, tu vai VOTAR em Bolsonaro em 2026? Tu aprendeu oq com o governo de 2018? Tu acha que o Lula ganhou em 22 por qual motivo? Bolsonaro foi um desastre. A lute é pela terceira via"
REDDIT_0181,Form_Reddit_04,31,reddit,p496os3,brasil,"Lula não acabaria o mandato. Lembrem só as armações que a Globo estava disposta a fazer pra prejudicar o Lula nos debates. Se o PT ganha direto a primeira eleição pós-redemocratização, ia ter um movimento golpista selvagem de reação com Centrão e Globo e Folha e tudo. O governo não durava nem 2 anos e o golpe ia desestabilizar ainda mais a Economia do Brasil."
REDDIT_0182,Form_Reddit_04,32,reddit,nxhq1z4,brasil,"Sendo bem pragmático, pra quem acha que tem alternativa, a diplomacia é a única chance que países do Sul global tem contra investidas de poediro militar - Nunca esqueçam que só o orçamento militar dos EUA é quase 1 trilhão de USD. Então quando um bando de gente tava falando que o Lula era cagão, apaziguador e o caralho por não meter retaliação das tarifas nunca esqueçam que a geopolítica é muito mais que bravata. Literalmente a única chance do Brasil e outros países do Sul global não se foderem é via diplomacia. EUA tá deixando bem claro (com recados a Colombia e Mexico) que vai meter helicoptero e foda-se."
REDDIT_0183,Form_Reddit_04,33,reddit,nxh1oaa,brasil,Espera. Enquanto os EUA não intervir aqui ou elegerem um Bolsonaro agora em 2026 é muita incerteza.
REDDIT_0184,Form_Reddit_04,34,reddit,o32wzk9,brasilivre,">Bobagem, eleição não é decidida por cometário anônimo de rede social, ainda mais quando o cometário é intensificado depois da eleição, não antes. > A direita não tem plataforma de ódio ao nordeste oficialmente, nenhum candidato fez isso e uma das principais propagandas do Bolsonaro em 2018 foi feita em Fortaleza. Maceió é um dos principais núcleos de apoio ao Bolsonaro. A eleição está muito acirrada, Flávio só ganha se virar votos. O único lugar que ele pode fazer isso em grande escala é aqui. Lula também quer tentar virar votos da direita com um discurso mentiroso que ele combate o crime organizado. Você ainda não entendeu que essa questão de identidade é emocional, pouco importa o que falarem da economia, a gente sabe viver com pouco. Bolsonaro fez isso pra tentar virar votos no nordeste e não conseguiu, porque o eleitor nordestino não é burro. Ele sabe quando não tem 100% de sinceridade. Tentaram barrar ônibus com eleitores nordestinos no dia da eleição! E não basta só o Bolsonaro falar, o discurso da base dele também importa muito. >É mais uma percepção universitária, fora dos muros a realidade é outra. Eu expliquei em termos mais rebuscados, mas a ideia é muito simples e tem total fundamento na realidade daqui. As pessoas sabem que existe esse ódio contra nós, eu mesmo já morei em SP capital, trabalhei no mundo corporativo lá, visitei a região sul 2 vezes ano passado, sei bem oq pensam de nós, e sempre que falo que nos odeiam, todos aqui concordam, é muito difícil achar um nordestino que pense o contrário. No máximo tem uns poucos idiotas que reproduzem esses discursos e se autodepreciam, mas a vasta maioria não."
REDDIT_0185,Form_Reddit_04,35,reddit,o39rmo3,brasilivre,só pode ser de direita se apoiar o bolsonaro?
REDDIT_0186,Form_Reddit_04,36,reddit,nxgw7ik,brasil,"Meu irmão, que entre você e o lula um no cu do outro"
REDDIT_0187,Form_Reddit_04,37,reddit,p3yruzu,brasil,"Oi? Esse lula 3 esteve muito mais próximo do centrão do que o Bolsonaro. Não sei Que fantasia esquerdista é essa de que o Lula ta fazendo um governo de esquerda, vocês tão malucos. A Faria Lima e o agro nunca estiveram tão felizes"
REDDIT_0188,Form_Reddit_04,38,reddit,opbf056,brasilivre,"E vc acha oq, que foi uma coincidencia monumental ele ir lá imediatamente antes do trump decidir fazer isso, e que n teve nenhuma influencia? É inocência demais, ainda mais dado o histórico desse canalha. E n vem falar nada do lula n, eu tbm n gosto dele, e ele n é o assunto aqui"
REDDIT_0189,Form_Reddit_04,39,reddit,nxuf5ib,brasil,Esse é o Lula do What If? E se o Lula não fosse um pau mole com os bolsonaristas
REDDIT_0190,Form_Reddit_04,40,reddit,p49r4xo,brasil,"A ideia de questionar eleições é uma das taticas da extrema direita mundo afora... É menos uma questão técnica e mais um comportamento de seita. a ""lógica"" dessa gente é mais um viés cognitivo mesmo: eles se enfiam de cabeça numa bolha, daí nesse bolha eles só convivem com bolsonaristas... daí eles falam ""voce conhece alguem que votou no lula?? eu nao conheço, logo, a urna foi hackeada e é golpe!!!!"" (eu ouvi isso ALGUMAS vezes em 22), mesma coisa com resultados de pesquisas. Não ajuda o fato de que nas eleiçoes para presidente termos que votar em 2 senadores.. Pq é senador 1. senador 2, governador e presidente.. Um monte de gente na minha seçao (mesario na vila mariana em sao paulo - capital) em 2022 fazia o mesmo questionamento: ""eu apertei aqui o numero do meu candidato e diz que nao existe!!!@ Que porra é essa!!!!???"" dai a gente via no terminal do mesario que o fera tava votando pra governador ainda e se confundiu.... e tinha que responder "" O sr./sra. esta votando para governador, confira os numeros digitados..."" O mais engraçado é que como o Tarcisio nao era do PL, razao pela qual os numeros nao bateriam, Os cara nao faziam ideia do numero dele hehehehhe Infelizmente nao foi o suficiente pro carioca filho da puta não ganhar..."
REDDIT_0191,Form_Reddit_04,41,reddit,ojy9h3l,brasilivre,O bolsonaro hipotético: https://preview.redd.it/d6wz7ilv37zg1.jpeg?width=1100&format=pjpg&auto=webp&s=24ec08be3be2d76613357425834b2bf0b389c9d0
REDDIT_0192,Form_Reddit_04,42,reddit,p48ssus,brasil,"O Lula é só o que tem mais clones, como o BioLula 2 e o Cyb3rLul4"
REDDIT_0193,Form_Reddit_04,43,reddit,ojo9647,brasilivre,Esse tatuyky é lambe bolas proficional do Bolsonaro nunca vi ele falar um a para algum bolsonaro nem quando o flavio votou a favor da lei misoginia. Mas se o MBL peida ele posta na mesma hora.
REDDIT_0194,Form_Reddit_04,44,reddit,ope6cwq,brasilivre,"Jamais. Não voto no Lula. E você? Tá fazendo o que pode pra impedir que esse merda, que perde pro Lula, chegue no segundo turno?"
REDDIT_0195,Form_Reddit_04,45,reddit,odqy448,brasil,"O público de esquerda do sub cresceu no período pós lava-jato e durante o governo bolsonaro, não foi sempre assim. Se você caçar post da época da lava-jato você vai ver que a maioria aqui do pessoal que frequentava na época era a favor."
REDDIT_0196,Form_Reddit_04,46,reddit,opd468a,brasilivre,"A esquerdopatia bostileira deveria ter acabado quando Lula foi para a cadeia. Agora, a esquerda está aí, mamando o narcotráfico e humilhando o Bostil diante do mundo inteiro"
REDDIT_0197,Form_Reddit_04,47,reddit,p497ikq,brasilivre,"Sempre achei mesmo que, se a militância do MBL não tivesse anulado aqueles votos, Bolsonaro teria sido reeleito. Mas ninguém acreditava quando eu dizia que o MBL controlava mais de 2 milhões de votos!"
REDDIT_0198,Form_Reddit_04,48,reddit,nxh7vb1,brasil,"Não mencionei guerra civil, então imagino que você tirou isso do seu próprio cérebro ou não sabe ler. Também não sei de onde você afirma com tanta certeza que o Lula vendeu o país para o Trump. Talvez você seja um insider no Palácio do Planalto."
REDDIT_0199,Form_Reddit_04,49,reddit,ny1mow2,brasil,Era isso que as pessoas queriam eleger? O cara é 10 anos mais novo que o Lula mas parece que é 10 anos mais velho!!!
REDDIT_0200,Form_Reddit_04,50,reddit,op40wfk,brasilivre,"Lula no ano 30.000, após a guerra civil. Ele foi colocado no Trono Dourado depois que o Lulinha se filiou ao PL e arrastou metade do PT junto com ele. Essa guerra civil também é conhecida como: A Heresia de Lulinha"
REDDIT_0201,Form_Reddit_05,1,reddit,o3ps3i9,brasilivre,"Todos que são contra o bolsonarismo são de esquerda? Por favor reflita sobre isso. O lulinha começou a falar de segurança pública por causa do furacão que o Renan está causando, não existe ninguém na política que tenha medidas tão radicais e necessárias quanto ele. Você provavelmente deve ser contra a imigração em massa do norte para o sul e das diversas bolsas/auxilios que são distribuidos pelo o governo. Pois bem o Renam tem planos contra isso, ele quer apoiar o setor produtivo do país. Os bolsonaristas não tem tema além da libertação do Bolsonaro e por isso eles falam mentiras para o público deles, por que duas horas de discurso do Renam e as crenças são abaladas. Pode ver já começou o movimento de bolsonaristas tendenciando pra Missão, a maioria já gosta das idéias a única coisa que falta é a percepção da fraqueza do Flávio. Hoje tem manifestação contra o banco Master outro assunto que merece destaque mas nego perde tempo com caminhada."
REDDIT_0202,Form_Reddit_05,2,reddit,o3calnd,brasil,"A ""esquerda"" social-democrata continua perdida nisso, camarada. Essas pautas não questionam o sistema econômico vigente: apenas pedem que nele haja lugar para os grupos sociais oprimidos em ""igualdade"" com os demais. Uma vez que o sistema em si (o capitalismo neoliberal) é ""off limits"" para essa esquerda, o que resta é a defesa da ""diversidade"", da ""reprsentatividade"" e um melhorismo incremental que não desloca a classe dominante de sua posição. Qual o bilionário que deixou de ser bilionário durante o governo Lula?"
REDDIT_0203,Form_Reddit_05,3,reddit,odwdj97,brasil,"Pois é, pessoa de esquerda fazendo campanha pra pessoa de direita é uma das coisas mais bizarras que existe. Ultimamente tem surgido uns doidos defendendo a Tebet. A latifundiária da direita agro. Não pode aparecer um direitista que prefere mais o Lula do que o Bolsonaro que imediatamente já brotam ""esquerdistas"" batendo palma pra ele."
REDDIT_0204,Form_Reddit_05,4,reddit,odno16m,brasilivre,Glorioso pro Renan Santos... igual seria pro Pablo Marçal... igual foi pro bolsonaro. Vários psicopatas pensam que podem ser um ditador nazista melhor que o bozo.
REDDIT_0205,Form_Reddit_05,5,reddit,p49ihxj,brasil,"O Lula ia acabar fazendo coisa parecida com o Plano Real. Exatamente como ele fez em 2002, onde deu continuidade. A questão é se ia funcionar, mas ai é metafísica e tem outras variaveis"
REDDIT_0206,Form_Reddit_05,6,reddit,odpahse,brasil,"Parabéns, criou bosta com I.A pra comparar 2 crises diferentes Quem já sabe que o Bolsonaro é um bosta não precisa de imagem com 2 pixels feita por burrice legítima pra ser convencido, e quem ainda não sabe já não tem mais esperança"
REDDIT_0207,Form_Reddit_05,7,reddit,ok2lo8t,brasilivre,Pro Lula é o melhor mesmo kkkkkk
REDDIT_0208,Form_Reddit_05,8,reddit,p47u1wm,brasilivre,"Não acho que ganha, mas o próprio Bolsonaro não tinha nenhum feito como deputado federal, durante 27 anos o cara dos 170 projetos que apresentou, aprovou 2, porque os outros foram considerados de baixa qualidade, e o maior feito do filho hoje é ser conhecido por rachadinha, pedir tarifa contra o Brasil se ser filho do bolsonaro, dito isso, vai ter o Lula 4 e se tivermos sorte enterram o PT de vez em 2030."
REDDIT_0209,Form_Reddit_05,9,reddit,nx3yyth,brasil,Isso é desde o Collor que espalhou a mentira que o Lula ia confiscar a poupança coisa que o próprio Collor fez logo que assumiu.
REDDIT_0210,Form_Reddit_05,10,reddit,p49eaua,brasil,"Nós nunca mais vamos eleger um presidente de esquerda, estamos vivendo uma singularidade que é ter o Lula vivo e disposto. Depois disso, Twitter e a Meta nunca mais vão deixar a esquerda se criar aqui. É impossível a esquerda competir contra todo o dinheiro e manipulação externa que rola atualmente, Lula é o último respiro da democracia brasileira. Enquanto dependermos de twitter/Instagram o Brasil nunca mais terá uma democracia verdadeira"
REDDIT_0211,Form_Reddit_05,11,reddit,p473zhp,brasil,ITT: Gente falando que Lula não é de esquerda pq ouviu seu youtuber favorito falar essa asneira
REDDIT_0212,Form_Reddit_05,12,reddit,nxyqn2q,brasil,"Completamente idiota, mas queria só lembrar que insegurança alimentar ainda é um problema grave no Brasil, mesmo que o Lula tenha feito muita coisa pra melhorar e tenha melhorado em partes."
REDDIT_0213,Form_Reddit_05,13,reddit,nxfnaem,brasil,"Sim Lula, a ONU, a qual os Estragos Unidos têm poder de veto, vai interferir contra os interesses dos Estragos Unidos, definitivamente. Caralho como eu quero uma revolução comunista logo, puta que PARIU. Vamos deixar o Brasil ser dizimado pelos EUA pra atingir a China e ficar caladinhos esperando a ONU intervir contra O DONO DA ONU."
REDDIT_0214,Form_Reddit_05,14,reddit,p47v1hb,brasilivre,"Não vai. No entanto, vale lembrar que é a primeira eleição dele e a última do Lula. O antipetismo sempre foi uma força política no Brasil. Sem o Lula, o PT enfraquece e, consequentemente, o antipetismo desidrata. Em 2030 é bem possível que a disputa seja entre bolsonarismo (ou o que sobrar dele) e antibolsonarismo, que não necessariamente é uma prerrogativa da esquerda. E aqui deve ser o espaço do Renan. Se Flávio sair derrotado (muito provável), a direita deixa de ser subserviente aos Bolsonaro. Abre margem não só pra o Renan mas para outros candidatos fora da “famiglia” aparecerem como alternativas pra 2030 - apesar que eu acho que o espólio dos Bolsonaro vai ficar com Tarcísio ou Nikolas."
REDDIT_0215,Form_Reddit_05,15,reddit,ny8hqci,brasil,"Se todo brasileiro fosse numa embaixadaa norte-americana pegar os requisitos do visto antes das eleições desse ano, Lula venceria com 90% no primeiro turno."
REDDIT_0216,Form_Reddit_05,16,reddit,ok9up6t,brasilivre,"O Bolsonaro discutiu o tal """"golpe"""" porque o TSE do Alexandre de Moraes já tinha dado um. Se o Dom Pedro II tivesse usado a Marinha contra o Exército durante o Golpe da República, não seria um golpe da parte de Dom Pedro."
REDDIT_0217,Form_Reddit_05,17,reddit,ny6ncc6,brasil,Eu queria saber o que o lula deu para os eua pra receber uns favores do trump.
REDDIT_0218,Form_Reddit_05,18,reddit,okh4c0f,brasilivre,"Nunca, mas os caras vão continuar nessa narrativa para tentar igualar Lulinha ao Ministro da principal pasta do Governo Bolsonaro"
REDDIT_0219,Form_Reddit_05,19,reddit,o3li4o5,brasilivre,Estados Unidos: Múltiplos ex presidentes de ambos os partidos relacionados com o Epstein. Midia: Silencio Brasil: Bolsonaro chamou uma japonesa de japonesa. Mídia:
REDDIT_0220,Form_Reddit_05,20,reddit,nx2lh21,brasil,"Mas ate na época do bolsonaro no poder, eles não confiava nas informações do governo, só nas informações do zap"
REDDIT_0221,Form_Reddit_05,21,reddit,p47t91h,brasil,"O próprio Lula tá com o MCTI contingenciando comprometendo o orçamento das Unidades de Pesquisa federais. O CBPF no Rio não tem grana pra conta de luz, tá fazendo demissão em massa e ainda teve que mover as aulas pro remoto porque não tem luz e ar condicionado pra fornecer durante as aulas presenciais. A esperança é mendigar pro legislativo pra arranjar emenda parlamentar. LNCC, INPE, tá todo mundo sofrendo por causa do arcabouço fiscal. Desesperança é o normal hoje em dia."
REDDIT_0222,Form_Reddit_05,22,reddit,opcz6c3,brasilivre,"A questão de SC é a pior, IMO. Sem o Carlos Bolsonaro lá já havia chances altíssimas do estado de SC entregar dois senadores de direita. Ou seja: o Carlos concorrer em outro estado, como o RJ, era mais estratégico para quem quer maximizar o número de cadeiras no Senado. Minha impressão é: mandaram o Carlos pra lá porque é o único lugar onde ele tem chances de ganhar como Senador."
REDDIT_0223,Form_Reddit_05,23,reddit,odvxifl,brasil,"E não adianta argumentar apontando esse desbalanceamento, eles REALMENTE querem que a família Bolsonaro tenha poder absoluto."
REDDIT_0224,Form_Reddit_05,24,reddit,p42kr4k,brasilivre,"Bolsonaro perdeu por 2MM de votos e tivemos 5,5MM de brancos/nulos e 32MM de abstenções. Não podemos esquecer de quem se diz de direita e fez campanha contra o voto no Jair, né, oncinhas? Sobre o Jair não ter enfrentado problemas, talvez você não tenha acompanhado de perto a última eleição. Inventaram até que o Capitão roubou as joias da ex esposa de um cofre. Mesmo a ex companheira negando as acusações, tentaram explorar ao máximo. PT não está movendo um dedo para atacar o MBL. De onde você tirou essa história? Inclusive o partido considera Renan um aliado contra o Flávio: [PT vê Renan Santos como ""problema"" de Flávio, e não de Lula](https://www.metropoles.com/colunas/igor-gadelha/pt-ve-renan-santos-como-problema-de-flavio-e-nao-de-lula) Eu entendo que você pode estar se informando apenas pelo grupo do MBL e cortes de redes sociais, mas talvez esteja na hora de encarar a realidade como ela é."
REDDIT_0225,Form_Reddit_05,25,reddit,nxg8eml,brasil,Já sabemos a posição do Lula sobre o caso
REDDIT_0226,Form_Reddit_05,26,reddit,o34wutu,brasilivre,E tudo culpa do Bolsonaro.
REDDIT_0227,Form_Reddit_05,27,reddit,o30ny34,brasil,Mas mas o irmão do Lula? E o Iulinha?
REDDIT_0228,Form_Reddit_05,28,reddit,nxugnal,brasil,"Depois de ter interferido na policia federal n duvido de nada, ele faz o que quer Pra quem quiser a fonte Lula dispensa 26 chefes regionais da PRF e muda direção da PF em 18 estados ... - Veja mais em https://noticias.uol.com.br/politica/ultimas-noticias/2023/01/19/lula-inicia-trocas-na-pf-e-prf-estados.htm"
REDDIT_0229,Form_Reddit_05,29,reddit,o88la3k,brasilivre,"Já ganhou, será histórico. Quem vai decidir as eleições esse ano, serão os mais de 20 milhões de nulos/brancos. Já passou da hora do país ter um presidente com ensino superior e ainda bilíngue. É Flávio Bolsonaro e quem não concorda tem mais é que se fuder!"
REDDIT_0230,Form_Reddit_05,30,reddit,nx8s6t9,brasil,"lula Lixo ""humano"""
REDDIT_0231,Form_Reddit_05,31,reddit,odptoa9,brasilivre,Eu gostaria de parabenizar os fãs do MBL por esse feito incrível: conseguir ser mais irritantes que os fãs do Lula e do Bolsonaro JUNTOS.
REDDIT_0232,Form_Reddit_05,32,reddit,p464fof,brasilivre,"Nikola já ajudou muito - Tanto que até o Carluxo ficou com inveja e mandou a manada de bois atacar ele. Porra, até alguns apoiadores do MBL participaram desse ataque nas redes. O tanto de canalhice que o Nikolas aguentou não é pouco - Ele tem todos os motivos para migrar pro Novo, mas não fez pois segundo ele; Lealdade ao bolsonaro. Os filhos do bolso são uma mula."
REDDIT_0233,Form_Reddit_05,33,reddit,p48z9hw,brasilivre,é Renan ou até o diabo menos o Lula
REDDIT_0234,Form_Reddit_05,34,reddit,o88mswz,brasilivre,Ata o jumento que tá a 3 mandatos e a culpa é do bolsonaro que falava palavrão 😂😂
REDDIT_0235,Form_Reddit_05,35,reddit,p479wla,brasil,"Com certeza, especialmente se o Lula ficar nessa teimosia de querer que o Haddad seja o próximo. Ngm vota no Haddad"
REDDIT_0236,Form_Reddit_05,36,reddit,ojxz67c,brasilivre,"fora o fato de ter sido um linguarudo quando esteve no poder, se ele realmente fosse um cara que levasse a política a sério não teria perdido pro Lula na reeleição. Obs: não gosto nem do Lula e nem do Bolsonaro."
REDDIT_0237,Form_Reddit_05,37,reddit,p48z2pa,brasilivre,"Se eles só quisessem cargos, iam se aliar a Bolsonaro e conseguir seus cargos e ficar por isso mesmo, mas escolheram lutar contra os 2 gigantes da política brasileira que é muito mais díficil do que se aliar a um deles"
REDDIT_0238,Form_Reddit_05,38,reddit,ope81hz,brasilivre,">não votar no opositor do lula no segundo turno é eleger o lula Por que? Votos brancos e nulos contam pro Lula? kkkkkkkkkk >agora me fala como vc vai no segundo turno esse ano? Ainda não chegamos no segundo turno, mas, e aí, tá ajudando a tirar o cara que perde pro Lula no segundo turno?"
REDDIT_0239,Form_Reddit_05,39,reddit,p48rgiz,brasilivre,Se fosse por causa do Moro o Lula não teria sido descondenado por uma manobra jurídica que não tinha NADA HÁ VER com o Moro ou Dalangnol.
REDDIT_0240,Form_Reddit_05,40,reddit,op4hnb8,brasilivre,"Maioria dos partidos tão envolvidos em corrupção, ai fica difícil de ser aliado, inclusive eu era pro Bolsonaro, mas o menino Bolsonaro tá decepcionando muito"
REDDIT_0241,Form_Reddit_05,41,reddit,o3bw655,brasil,"Tamo em ano eleitoral já Lula, pode defender abertamente acabar com a 6x1 já pra ganhar mais votos..."
REDDIT_0242,Form_Reddit_05,42,reddit,nxg6r0a,brasil,Será q o hermano sabe alguns podres do Lula?
REDDIT_0243,Form_Reddit_05,43,reddit,nx91vn9,brasil,Fico imaginando o que vai acontecer com ele quando ele tiver que voltar pro Brasil Vai ser delicioso ver mais um bolsonaro sendo preso
REDDIT_0244,Form_Reddit_05,44,reddit,opdw9wd,brasilivre,"Porra... ele que conseguiu o sufocamento internacional do patrimonio que o PCC tem la fora. Isso nao tem valor no combate ao crime? Eu sei que o Lula falou que os criminosos sao dele, mas vc nao acha que esse sufocamento financeiro ajuda?"
REDDIT_0245,Form_Reddit_05,45,reddit,p3xxsto,brasilivre,"- 2014 crise econômica do governo dilma, até elites se viram contra - 2015/2016 protestos contra o estado do sistema político - impeachment dilma - 2 anos de governo michel temer (excelentes) - 2018 bolsonaro se elege contra haddad (lula preso) prometendo lutar contra o ""sistema político"" - bolsonaro desiste de lutar contra o sistema porque tem que salvar os filhos de suas desaventuras, abre pernas pro STF e indica petista pra PGR. Contribui para o fim da lava jato e soltura de Lula. - covid - bolsonaro é contra vacina é demite ministro da saúde que estava se tornando popstar - explosão de ""emendas de relator (orçamento secreto)"" do legislativo e penduricalhos do judiciário - explosão de usuários de drogas e violência em capitais. Polícia prende e judiciário solta - abusos descarados do Xandão no governo todo, culminando nas eleições onde ele acumulou cargo do TSE e sumariamente mandou bloquear a porra toda - 2022 aliados de bolsonaro fazem idosos fazerem piquete em frente a quartel pra intervenção militar e protesto em brasilia. Ato de brasilia tem os velhotes presos com penas imensas ""contra a demoracia"" por canetada de Xandão - 2022 lula eleito com 1% de margem - teoria econômica do lula: arrochar em impostos pra investir em infra (PAC) - lula ataca trump pra ganhar moral no brasil, quando vai visitar o trump, abre as pernas e libera terras raras - bolsonaro preso. Bolsonaristas em nárnia só querem saber de soltar bolsonaro e os presos do ato em brasília esta é uma eleição terrível, fim de uma geração bosta. Na próxima teremos escolha óbvia, Tarcísio de Freitas. Renan Santos 1o turno e Flavio 2o turno. Cuidado com as mentiras bolsonaristas."
REDDIT_0246,Form_Reddit_05,46,reddit,op3ytqh,brasilivre,Esse ai é o tal Moro que Bolsonarista encheu a boca para chamar de traidor quando pulou fora do governo Bolsonaro e acusou ele de interferir na PF para salvar o atual candidato 171?
REDDIT_0247,Form_Reddit_05,47,reddit,odw2xg0,brasil,Ele diz que tem contatos e tal. Chega na hora do lula conversar com o trump o trump nem sabe dos Bolsonaro hahaha
REDDIT_0248,Form_Reddit_05,48,reddit,ojo93pw,brasilivre,"Ficou dançando cirandinha com o PT durante todo o governo Bolsonaro e estava puxando o saco do Xandão até o ano retrasado, mas ele vai ser o novo Milei, confia"
REDDIT_0249,Form_Reddit_05,49,reddit,ny9ra0k,brasil,"Comentei em outro post, mas SP tem basicamente 5 nomes do governo Lula pra dividir entre 2 candidaturas ao Senado, 1 ao governo e 1 à vice presidência: Alckmin, Haddad, Tebet, Marina e França. Acho que pelo menos um deles emplaca o Senado, o segundo deve ser difícil mas tem alguma chance. E quem for pro governo deve perder, de qualquer forma o objetivo aqui sai ""tentar perder de pouco"" pra ajudar a candidatura presidencial."
REDDIT_0250,Form_Reddit_05,50,reddit,ny7l5nq,brasil,Nem quando o Lula foi preso teve esse nível de cobertura
REDDIT_0251,Form_Reddit_06,1,reddit,p48jrf3,brasilivre,"Como, então, você justifica o lula e seu desejo de regular as redes sociais? ele virou direita agora?"
REDDIT_0252,Form_Reddit_06,2,reddit,p47xyo6,brasil,A pior ideia do Flávio Bolsonaro é sempre a próxima.
REDDIT_0253,Form_Reddit_06,3,reddit,ope756a,brasilivre,"Discordo. Se o flavio saísse, caiado e zema avançariam e ganharia a eleição. se a intenção for tirar o lula..."
REDDIT_0254,Form_Reddit_06,4,reddit,p4ac4oa,brasilivre,"Não sei se é coincidência, mas o pessoa que conheço de esquerda é chato pra caramba. Esses tempos saímos para dar uma volta de moto, e tinha um cara com uma camisa vermelha escrito LULA, a cada parada ele só falava de bolsonaro, que cara chato."
REDDIT_0255,Form_Reddit_06,5,reddit,p47sacb,brasilivre,"A China era mais pobre do que o Brasil antes do PT assumir. As administrações são opostas do ponto de vista econômico, lá eles tem 22% de carga tributária sobre o PIB enquanto o PT elevou a nossa para 32%. Não tem relação nenhuma a administração do PT com a chinesa. No máximo a submissão ou suborno do Lula para produtos chineses entrarem sem imposto."
REDDIT_0256,Form_Reddit_06,6,reddit,o3c2v8d,brasilivre,"Bolsonaro sempre foi um político do centrão (como ele mesmo disse), que ficou décadas na câmara dos deputados e colocou seus filhos na política. Por isso ele terminou do jeito que terminou e deixou essa situação pra gente resolver."
REDDIT_0257,Form_Reddit_06,7,reddit,ny9q584,brasil,Ela já topou fazer campanha e participar do governo Lula. Não está no PT mas é aliada deles há pelo menos 4 anos. Em 2018 ela também declarou apoio ao Haddad no segundo turno.
REDDIT_0258,Form_Reddit_06,8,reddit,nx0p0iy,brasil,"Lembrandro que foi o Toffoli que impediu Lula de ir no velório do irmão e supostamente aconselhou bolsonaro a sair do país durante a Festa da Selma. Não há jura de fidelidade em uma indicação de cargo vitalício. Mas realmente, é possivelmente a pior indicação ao STF hoje em exercício."
REDDIT_0259,Form_Reddit_06,9,reddit,p47oucw,brasilivre,JBS delatou que deu 150 milhões de dólares para o PT em conta na suíça. E estão aí abraçados com o Lula novamente.
REDDIT_0260,Form_Reddit_06,10,reddit,p47oib8,brasil,"É exatamente esse discurso que ouço aqui ""É melhor deixar o Trump governar do que deixar o Lula novamente"""
REDDIT_0261,Form_Reddit_06,11,reddit,o3r7l1h,brasilivre,"Ué e o Bolsonaro é do partido de quem? Todo mundo sabe que Kim só apoiou formalmente porque foi obrigado pelo partido, e ficam por aí com essa desonestidade moral, inventando que foi por ideologia.."
REDDIT_0262,Form_Reddit_06,12,reddit,odtcget,brasil,Mas é isso que o Flávio Bolsonaro quer. O querido patriota filho do capitão soluço quer mamar no Trump
REDDIT_0263,Form_Reddit_06,13,reddit,opdyssr,brasilivre,"e o que adianta querer lula preso e votar nulo no segundo turno e ficar 100% do tempo so atacando o opositor dele nas redes sociais? vc é um imbecil, idiota útil do lula."
REDDIT_0264,Form_Reddit_06,14,reddit,ope9you,brasilivre,"Ainda bem que você tem noção de que a verdadeira eleição do Felino é a de 2030 ou 2034, e que na atual, ele só vai entrar para passar vergonha. Mas já que você tem essa noção, você deveria estar torcendo de pé junto para o Flávio ganhar, já que na eventual vitória do Lula, corremos o risco dessas serem as últimas eleições do Bostil em muitoooo tempo."
REDDIT_0265,Form_Reddit_06,15,reddit,o881k6u,brasilivre,Bolsonaro era tão oposição que disse em live que o lula [devia ser absolvido](https://www.youtube.com/watch?v=S6JIiIAOLSw) porque ele não era culpado de tudo que acusam ele
REDDIT_0266,Form_Reddit_06,16,reddit,o3bvbak,brasilivre,"Assim, vão me desculpar mas o Bolsonaro só se mostrou um político velho, a realidade do país é que ""Nada se assemelha mais a um conservador do que um liberal no poder"" e o contrário também é verdade, um conservador na oposição também promete revoluções. Na verdade os políticos continuam nadando na grana enquanto se revesam em de quem é a vez de desviar dinheiro Anotem o que eu digo, nada faria o Lula mais feliz do que ganhar do Bolsonaro novamente esse ano, seja o pai ou o filho (um idiota corrupto), ele perdeu e vai perder de novo. Mas infelizmente o Bolsonaro tbm não tá nem aí pro país, o ego enorme junto à fome de poder não pode deixar o Lula simplesmente perder para qualquer outro. Imaginem, Lula vs Tiririca, eu voto no Tiririca, aposto com vocês que ele ganha, mas Bolso Junior vs Lula, aí sim vamos entregar o país para mais 4 anos de terror"
REDDIT_0267,Form_Reddit_06,17,reddit,odw4xok,brasil,"É, já disse aqui. [63% dos votos evangélicos foi para Bolsonaro](https://oglobo.globo.com/blogs/pulso/post/2022/10/bolsonaro-abre-32-pontos-de-vantagem-sobre-lula-entre-evangelicos-no-eleitorado-catolico-petista-lidera.ghtml), porém, 32% dos evangélicos votando no Lula é gente pra caramba. Um em cada 3 evangélicos escolheu o Lula numa eleição extremamente polarizada. Fora que dos evangélicos que votaram no Bolsonaro, muitos, talvez a maioria, não foi por causa de religião. Bolsonaro teve 48% na última eleição, **então só 15% dos votos evangélicos são um possível desvio para o Bolsonarismo por causa da religião.** Note que isto casa bem com o número de que [16% dos evangélicos, numa pesquisa, disseram ter ouvido orientações de voto político nas igrejas.](https://www.cartacapital.com.br/politica/16-dos-evangelicos-afirmam-que-pastores-orientam-votos-em-bolsonaro-diz-datafolha/) Muita gente da esquerda é bem ignorante sobre os evangélicos e por isso acham que são ""causa perdida"", mas há bastante espaço para se crescer entre os evangélicos. Tem-se também o costume na esquerda de representar o oprimido como a figura da mulher, negra, periférica, que sustenta a casa. [Este é o mesmo perfil do evangélico médio: a mulher, negra, periférica que sustenta a casa.](https://www1.folha.uol.com.br/cotidiano/2024/07/mulheres-negras-sao-maioria-nas-igrejas-evangelicas-paulistanas-aponta-pesquisa-datafolha.shtml)"
REDDIT_0268,Form_Reddit_06,18,reddit,o3qin89,brasilivre,"""O presente texto analisa como a campanha de Jair Bolsonaro na TV, no segundo turno da eleição presidencial de 2018, mobilizou a luta anticorrupção como estratégia de adesão eleitoral. Investigamos a hipótese de que o tema assume centralidade na campanha, impulsionado pelo impacto da Operação Lava Jato no sistema político e da sua estratégia de conquista da opinião pública. Para tanto, apresentamos, de um lado, as principais linhas de atuação da operação e, de outro, como suas narrativas foram retratadas no Horário Gratuito de Propaganda Eleitoral (HGPE) do candidato eleito. Na análise dos operadores da Lava Jato, constatamos que a eleição de 2018 é vista como o próximo passo para a efetivação do seu projeto de renovação e limpeza da política."" [https://www.scielo.br/j/civitas/a/GsQRTNzJNvYYqZYBwjfV7jM/?format=html&lang=pt](https://www.scielo.br/j/civitas/a/GsQRTNzJNvYYqZYBwjfV7jM/?format=html&lang=pt)"
REDDIT_0269,Form_Reddit_06,19,reddit,p492bto,brasilivre,"O bolsonaro não censurou as redes e nem enfiou imposto no nosso cu, mas é igual sim, confia"
REDDIT_0270,Form_Reddit_06,20,reddit,nx65uvd,brasil,"Tecnicamente tá certo mas geralmente o judiciário costuma considerar que pessoas públicas estão sujeitas a críticas mais duras o que eu pessoalmente acho bobagem pois a lei deve ser igual para todos. Ah mas e quem chama o Bolsonaro de genocida? Bom eu adoraria ser forçado a apresentar as provas , seria muito fácil inclusive provar o dolo além da culpa dele. Como sempre falsa equivalência."
REDDIT_0271,Form_Reddit_06,21,reddit,p49lxpf,brasilivre,"Sabe o que é ironico? MBLminion fala abertamente que entre Flávio e Lula eles anulariam o voto, aqui nos comentarios ta cheio desse exemplo, mas por algum motivo eles acham que, se caso o renan fosse para um segundo turno o resto da direita inclusive bolsonaristas teriam algum dever moral de votar nele para tirar o lula kkkkk, é muita hipocrisia, dito isso se por algum milagre o renan fosse para o 2 turno eu faria questão de anular."
REDDIT_0272,Form_Reddit_06,22,reddit,nxiuq4a,brasil,Maduro: vo invadir país e fuder com a porra toda Lula: Trump: vo invadir país e fuder com a porra toda Lula: 📝🗣️
REDDIT_0273,Form_Reddit_06,23,reddit,nxplcg5,brasil,"Cara, na moral. EUA concordo que a invasão foi criminosa, mesmo o Maduro sendo um ditador. Concordo também que é tudo pelo petróleo. Nem disfarçou, vai arrancar até a última gota. Porém, todavia, parece mesmo que o povo Venezuelano está ok com isso. Se eles estão de boas, por ignorância ou não, é deles e cabe a eles. Era algo que talvez o Brasil pudesse ter intervido antes e ajudado a derrubar esse merda. Assumir o papel de líder regional. Não fez, nem Lula, nem Bozo. Agora resta assistir. Por mim, fechava a fronteira e restringia a entrada deles aqui. E sim, talvez fosse a hora de realmente ir sentido a criação de uma bomba, pq, apesar de achar que os EUA estão em declínio, ainda são fortes. Resumindo, tá feito e não temos ação."
REDDIT_0274,Form_Reddit_06,24,reddit,ojdw375,brasilivre,"Para aqueles espalhando fake news, eu fiz resposta ao outro user, e irei postar aqui porque acredito que esta bem completa: \-------------------------------------------------------------------------------------------------------------------------- eles derrubaram so os vetos relativo ao 8 de janeiro. Aqui por exemplo reportagem dizendo: ""Na sessão conjunta do Congresso nesta quinta-feira, Alcolumbre excluiu da votação do veto dispositivos do PL da Dosimetria que, segundo ele, **conflitavam com o projeto de lei Antifacção**, pelo Congresso em fevereiro de 2026. Pela redação do projeto, a dosimetria beneficiaria uma série de condenados por outros crimes. Com a restrição aplicada por Alcolumbre, o benefício passou a ser direcionado apenas aos envolvidos no 8 de janeiro e na trama golpista. A lei Antifacção alterou regras de progressão de pena que também eram objeto do projeto da Dosimetria. Se restabelecermos esses dispositivos, vamos reintroduzir normas que já foram revistas pelo próprio Congresso"", afirmou Alcolumbre."" Existe inúmeras reportagens dizendo isso. Essa lei foi feita em dezembro e o projeto anticrime (anti-facção) foi feito em fevereiro. Por norma, o projeto anticrime já teria validade acima dela por ser uma lei posterior, mesmo com a derrubada do veto. É preciso lembrar que a dosimetria nunca foi vetada 100% em janeiro, o veto do Lula foi apenas parcial, fazendo com que ela entrasse em vigor em janeiro, enquanto a anti-facção entrou em março. Quando o veto é derrubado, agora em abril, os artigos derrubados que estavam 'congelados' voltam a integrar o texto original da lei de janeiro. Não se cria uma 'nova' lei em abril, não é feita uma nova ordem jurídica, tipo uma 'lei da dosimetria 2.0'. A lei da dosimetria continua sendo aquela promulgada parcialmente em janeiro pelo Lula e, como a anti-facção veio em março, ela tem precedência sobre a dosimetria. **E isso considerando um cenário HIPOTÉTICO em que tivessem derrubado todos os vetos relativo a progressão de regime por exemplo, o que nem foi feito.** Mesmo assim, o povo continuou com esse 'bafafá' e essa polêmica na internet uma verdadeira fake news. Então, para não correr riscos e evitar que essa confusão borbulhasse ainda mais, resolveram nem votar a derrubada do veto da progressão de regime que estava na lei da dosimetria. Com isso, mantiveram o endurecimento que já havia sido criado em fevereiro pela lei anti-facção. \-------------------------------------------------------------------------------------------------------------------------- Aqui copypaste da resposta."
REDDIT_0275,Form_Reddit_06,25,reddit,o3m6ich,brasilivre,Criminosos = Bolsonaro
REDDIT_0276,Form_Reddit_06,26,reddit,odqws6q,brasilivre,"""Em seu primeiro processo envolvendo [**Lula**](https://jovempan.com.br/tag/lula) no [**Supremo Tribunal Federal (STF)**](https://jovempan.com.br/tag/supremo-tribunal-federal), o ministro [**Nunes Marques**](https://jovempan.com.br/tag/kassio-nunes) votou de maneira favorável ao petista. Na última quinta-feira, 10, o indicado do [**presidente**](https://jovempan.com.br/tag/presidente) [**Jair Bolsonaro**](https://jovempan.com.br/tag/jair-bolsonaro) (sem partido) à Corte rejeitou uma solicitação da [**Procuradoria-Geral da República (PGR)**](https://jovempan.com.br/tag/procuradoria-geral-da-republica-pgr) que demanda que o depoimento de Antônio Palocci seja mantido em um dos processos do ex-presidente, e que apenas o termo da delação premiada seja excluído. Nesta ação específica, Lula é acusado de receber propina da [**Odebrecht**](https://jovempan.com.br/tag/odebrecht) através do imóvel que comportaria a sede do seu instituto, como apontam as investigações. No entanto, o repasse da propriedade ao petista não chegou a se realizar."""
REDDIT_0277,Form_Reddit_06,27,reddit,p48yrei,brasil,"Acho curioso como a do Flávio deixa o ""Bolsonaro"" em amarelo, que em fundo branco fica mais difícil de ser visto."
REDDIT_0278,Form_Reddit_06,28,reddit,ok20a3n,brasilivre,"Se o Lula aparecia na frente de uma pesquisa sequer, ao pedir pro pessoal não votar no Bolsonaro, ele estava trabalhando pela eleição do Lula. MBL tirou milhares de votos da direita, e 0 votos da esquerda."
REDDIT_0279,Form_Reddit_06,29,reddit,ojwfxcw,brasilivre,"Kkkkkkkkkk bolsonarista é inacreditável mano, como se a CIA precisasse intervir para derrubar Bolsonaro O Grande KKKKKKKK."
REDDIT_0280,Form_Reddit_06,30,reddit,ok2y5ig,brasilivre,"Só que eleições no Brasil, especialmente no segundo turno, sempre foram pra escolher o menos pior. Eleições não são para escolher um pai ou um marido, são pra escolher aquele que vai te foder menos. Eu, pessoalmente, abomino com todas as minhas forças a figura asquerosa do Renan Santos e jamais votaria nele no primeiro turno. Mas, se ele fosse pra um segundo turno contra Lula, não teria escolha - ou Renan Santos ou permitir ao PT se fincar ainda mais na estrutura do Estado brasileiro para nunca mais sair. Nesse cenário altamente hipotético e fictício, Renan Santos seria a melhor opção não por ser bom, mas por ser a opção menos catastrófica. Ou seja, enquanto o brasileiro - especialmente o mais isento - continuar com esse purismo nojeto, o PT vai continuar no poder. O PSOLISTA não gosta do Lula, o Cirista não gosta do Lula, o cara do do PCO não gosta do Lula, mas na hora que o bicho pega todo mundo se une pra evitar que a ""direita vença"". Já a direita é politicamente estúpida - fica com essa ainda: ""esse aqui dividia o salário do seu assessor, literalmente é igual ao cara que participou/comandou mensalão, petrolão, roubo de fundos de pensão, roubo INSS, escândalo do Banco Master, financiamento de ditaduras amigas com dinheiro público"". Por isso não sujarei minhas mãos e vou votar nulo. É ÓBVIO QUE ESSA POSTURA VAI SEMPRE GARANTIR A VITÓRIA DA ESQUERDA !"
REDDIT_0281,Form_Reddit_06,31,reddit,nx95liu,brasil,se Lula ganhou em 2022 quer dizer que o centro votou na esquerda né
REDDIT_0282,Form_Reddit_06,32,reddit,p49qqjq,brasil,Flávio Bolsonaro é só um pouco menos tosco do que o Carlos. Naquela família não salva um.
REDDIT_0283,Form_Reddit_06,33,reddit,ok43g4n,brasilivre,"Não vemos: Australia, Nova Zelandia, Singapura, Japão e basicamente nenhum outro país do hemisfério sul se incomodar com isso, mas os terraplanistas do IBGE se incomodam. Vi esquerdistas QI83 dizendo ""ah mas no espaço não existe sul ou norte geográfico"", Sim, Mas o idiota não percebe que isso é um mapa geográfico que tem uma função bem clara: servir como uma representação imperfeita, do Planeta visual com várias simplificações. Mas que deveria RESPEITAR padrões/fatos bem aceitos dentro da Geografia, como posição dos Países no globo, o que inclui se estão no hemisfério sul ou norte. Assim como TODAS as areas que fazem uso de mapas Geográficos respeitam como: climatologia, aviação, geofísica, sismologia, etc. Não vemos essa palhaçada de mapa invertido. Mas bem feito para o ""Cientista"" que votou no governo do Lula, achando que o esse bandido é pró ciência. Faz o L."
REDDIT_0284,Form_Reddit_06,34,reddit,nxtn0iq,brasil,Exato. Queria que o lula desse um jeito na nossa defesa mas a gente tá vendido. Simples assim
REDDIT_0285,Form_Reddit_06,35,reddit,p47htzo,brasil,"Sim, verdade, mas pelo menos dá pra saber que é um voto que não vai pro Bolsonaro (embora eu não me surpreenderia da galera do PCO ir de Flávio num segundo turno) Tem a questão que o que tá em jogo é a hegemonia da direita brasileira e principalmente Flávio, Renan e Marçal vão brigar por esse eleitorado. Eu não tenho dúvida nenhuma que os Bolsonaros preferem o Lula ganhando no primeiro turno do que um segundo turno entre Lula e Renan Santos, então se o Renan ou o Marçal começarem a crescer na pesquisa o foco do bolsonarismo vai ser todo neles"
REDDIT_0286,Form_Reddit_06,36,reddit,ojpolrn,brasilivre,"ele tá bem mais centrista, ele gravou vídeo contra a privatização de Petrobras e correios. Não tem problema. Melhor que o Bolsonaro que em 6 meses de governo afrouxou as prega."
REDDIT_0287,Form_Reddit_06,37,reddit,ok5lxdf,brasilivre,Injetaram não sei o que na democracia para se livrarem do Bolsonaro e agora ela tá precisando de transplante de coração.
REDDIT_0288,Form_Reddit_06,38,reddit,p4432gy,brasil,"Fazer previsões assim é complicado. De fato vivemos o tempo de líderes carismáticos, mas isso pode mudar. Haddad foi ao segundo turno com Bolsonaro e encarou a disputa, não está tão longe assim."
REDDIT_0289,Form_Reddit_06,39,reddit,ojwvh3y,brasilivre,"Acredito que ele já tenha criticado bolsonaro. Última eleição ele falou que tinha várias críticas ao bolsonaro mas que ""PT não dava"". Uma posição respeitosa e correta [contra o PT, vale voto em qualquer coisa]. Fora isso, bolsonaro nem é presidente mais, então falar dele é irrelevante."
REDDIT_0290,Form_Reddit_06,40,reddit,nxt1kyo,brasil,"Yep, os EUA desaprenderam a sumir com ditadores os quais não gosta. Imagina só a mídia que o Gaddafi teria se tivesse esse tratamento, com a lábia que encantaria o próprio Lula"
REDDIT_0291,Form_Reddit_06,41,reddit,o3qr8wb,brasilivre,KKKKKKKKKKKKKKKKKKKK MBL criticou o governo: Tentou destruir o Bolsonaro. Bolsonaro usar a máquina do governo pra espionar o Kim: Foi nada po! Sua cegueira ideológica é tão grande que não percebe as coisas que digita.
REDDIT_0292,Form_Reddit_06,42,reddit,o8fcycl,brasilivre,Kkkkkkkkkkkkkkkkk “aliado do pate” fonte vozes da minha cabeça. Ja parou pra pensar que era pro lula estar preso e foi a merda da familia Bolsonaro que soltou ele e devolveu os direitos politicos? É dificil pensar e ver isso? Ou você tem um derrame se pensar um pouco?
REDDIT_0293,Form_Reddit_06,43,reddit,ok3802o,brasilivre,"A questão não é nem eles não serem puxa-sacos do Bolsonaro e apontarem as suas contradições. Parte do eleitorado do Bolso é fanática, mas outra parte tão significante quanto não é e só vota nele por motivos práticos. Eu não gosto do Bolso, por exemplo. Trata-se apenas de reconhecer que um é **menos pior** que o outro e que portanto dizer que eles são a mesma coisa e pregar voto nulo não é conveniente. Está aí o resultado disto."
REDDIT_0294,Form_Reddit_06,44,reddit,o3klolf,brasilivre,Tem uma diferença entre escolher o bolsonaro e ser esquizofrênico mano 💀
REDDIT_0295,Form_Reddit_06,45,reddit,o331grb,brasil,"Sou carioca e moro há 12 anos no interior da Bahia. Na moral, é ridículo e profundamente ignorante, ver esse ""povinho"" metido a intelectual falar do que não conhece. Repetem o clichê vazio de que ""o povo daqui não trabalha, vive de bolsa família e por isso vota no Lula"", como se todos os habitantes de uma região fosse um grupo de preguiças. Fui recebido com uma generosidade e um calor humano incomparáveis em todas as cidades onde morei no Nordeste. Por isso, fico profundamente ofendido, não por mim, mas pela região, com a limitação cultural, a falta de maturidade e a completa carência de argumentos desses derrotados políticos. Eles reduzem uma região culturalmente heterogênea, rica em tradições, em recursos minerais e em belezas naturais a uma caricatura preconceituosa. No fundo, creio que seja pura inveja de uma vitalidade e uma resiliência que eles não conseguem compreender."
REDDIT_0296,Form_Reddit_06,46,reddit,p4anyn0,brasil,"Pessoal esquece que lá por 2011-2012 o Bolsonaro já era deputado federal e na estava aparecendo na TV no Agora é Tarde e no Superpop. Claro que ele ganhou muito mais projeção na eleição de 2018, mas ele surgiu bem antes"
REDDIT_0297,Form_Reddit_06,47,reddit,p48lf3w,brasilivre,"É muito engraçado acharem que o Lula é de esquerda... Esquerda não existe aqui, amigo, isso é rotulagem de imbecil. Luladrão é oportunista, assim como o Bolsolixo."
REDDIT_0298,Form_Reddit_06,48,reddit,odohoc7,brasilivre,"Foda-se o Flávio. Quero saber se o Bolsonaro fez um governo tão ruim que o do PT era igual ou melhor, como o careca do Renan pregou."
REDDIT_0299,Form_Reddit_06,49,reddit,nxwwv2x,brasil,Se fosse o amigo do filho do bisneto do sobrinho do irmão do Lula estaria na capa.
REDDIT_0300,Form_Reddit_06,50,reddit,o3bgyrd,brasilivre,"Cara, eu sou completamente contra os Bolsonaro a mas nesse caso vou ter que concordar com a galera que tá te dando downvote. Sua crítica, nesse caso específico, não faz sentido. No posto de está questionando o fato de que, na opinião dele, os direitos humanos só se aplicam a vagabundos. Agora vamos pra interpretação de texto. O que podemos inferir? Se ele acha que direitos humanos não deveria ser só pra vagabundo, signifique ele acha que deveria ser para todos. Ou seja, ele é a favor dos direitos humanos para todos. E em 2025 ele continua sendo. Não mudou nada. Agora, esse cara é um mentiroso caralho? Sim. Dá pra confiar em qualquer coisa que ele fala? Não. Mas eu só estou querendo dizer que essas postagens não deveriam ter sido usadas para provar o ponto que você queria provar."
REDDIT_0301,Form_Reddit_07,1,reddit,nxfywp2,brasil,Lula vai pros EUA e sentar numa mesa com Trump com uma cervejinha ele resolve a parada.
REDDIT_0302,Form_Reddit_07,2,reddit,p44zb9l,brasil,O próprio Lula n é de esquerda. Mas ja ta dificil eleger ele. Futuro sombrio
REDDIT_0303,Form_Reddit_07,3,reddit,p43q5wu,brasilivre,"> O pré-candidato à Presidência Renan Santos (Missão) acionou a Justiça Federal de São Paulo para que sejam suspensos os efeitos e a publicidade dos apontamentos de dívidas tributárias da ordem de R$ 1,17 milhão registrados contra ele na plataforma Regularize, da Procuradoria-Geral da Fazenda Nacional (PGFN), ""de modo a impedir a continuidade dos prejuízos de ordem patrimonial, creditícia e reputacional"". > Os débitos são originalmente da empresa Martin Artefatos de Metais S.A, especializada na produção de esquadrias de metais, da qual Santos foi sócio-administrador entre 2010 a 2020. Em um processo de execução de dívidas tributárias que tramita na Justiça Federal de São Paulo, o procurador da Fazenda Nacional Davy Jones P. A. de Menezes afirma que Santos foi incluído na CDA por figurar como sócio-administrador da empresa ""na época da sua dissolução irregular"". > Na ação ajuizada por Santos, a defesa alega que o pré-candidato se retirou regularmente da sociedade em outubro de 2020, mediante decisão judicial de dissolução parcial da sociedade. Assim, ""eventual presunção de dissolução irregular posterior à sua retirada não pode, em hipótese alguma, atingir o ex-sócio, uma vez que a responsabilidade por eventual encerramento irregular das atividades empresariais recai exclusivamente sobre quem detinha poderes de gerência no momento do encerramento fático da empresa"". > Ele também sustenta que as dívidas tributárias são relativas ao período de 1998 a 2003, época em que ele não integrava o quadro societário, nem exercia qualquer função de administração na empresa, de forma que não haveria qualquer vínculo jurídico entre os fatos geradores que deram origem às cobranças e ele. > A advogada Ana Paula Tavares Marçal, que defende Santos, sustenta na ação que a indevida manutenção do nome do pré-candidato ""vinculado a débitos públicos perante os sistemas oficiais de consulta e publicidade da Administração Tributária tem lhe causado grave exposição negativa perante terceiros, comprometendo sua imagem, sua credibilidade e sua reputação no meio profissional e empresarial, na medida em que o associa publicamente à condição de devedor da Fazenda Nacional por obrigações que jamais lhe pertenceram"". > A publicidade da dívida tributária, afirma a defesa de Santos, extrapola os limites da legalidade administrativa, produz efeitos lesivos imediatos, ao gerar ""constrangimento, insegurança jurídica e prejuízos concretos à esfera moral e patrimonial"" ao pré-candidato à Presidência da República. > Sobre a dívida em si, argumenta que não há qualquer demonstração de conduta ilícita praticada por Santos, nem prova de fraude, excesso de poderes ou infração à lei que pudesse justificar a responsabilização pessoal dele, nos termos do artigo 135, III, do Código Tributário Nacional. > A advogada conta já ter entrado com pedidos de revisão de dívida inscrita, mas eles ainda não foram apreciados pela PGFN. Por isso, ajuizou um mandado de segurança para ""impedir a continuidade dos efeitos lesivos decorrentes da inércia da Administração até o julgamento definitivo"" do pedido de revisão. > O processo tramita com o número 5007294-66.2026.4.03.6182.logo-jota Teto de vidro por causa de uma acusacao sem evidencia, investigacao ou julgamento, outro teto de vidro por causa de 1 milhao de reais, outro por cogumelos, vc continua usando essa palavra mas ela nao significa o que vc pensa que significa. PEC pra que membros do legislativo somente possam ser investigados mediante autorizacao dos membros do legislativo, tentativa de tomar o poder a forca apos perder a eleicao, membros da familicia pedindo tarifas contra o Brasil, mas na caverna de Platao dos bolsonaristas, o teto de vidro sao cogumelos, acusacoes (nao sentencas), divida de 1 milhao de uma empresa. Deixa o PT explorar esse ""teto de vidro"", alias ja esta explorando, jogando coisas na parede e vendo se alguma coisa gruda. Pelo menos os Bolsonaros eles (PT) sabem como enfrentar e ja tem material pronto, o resto eles ainda tem que cavar."
REDDIT_0304,Form_Reddit_07,4,reddit,nxgitee,brasil,"Lula é um corrupto, assim como a maioria saída políticos independente de partidos. Mas temos um grande problema mundial, concentrado principalmente na América do Sul e central, que é o povo lamber políticos e defendê-los a qualquer custo, enquanto destroem e sugam tudo. Esse ataque foi sensacional na visão de dar voz ao povo venezuelano, porém, como todos ataques tem viés financeiro."
REDDIT_0305,Form_Reddit_07,5,reddit,ny7xu2n,brasil,"Amigo, isso não é guerra de protagonismo. O Brasil construiu, desde a redemocratização, uma política de saúde pública e de produção de medicamentos essenciais que são referência planetária, e não somente em relação ao HIV. Meu esclarecimento foi sobre a noção (errada) de que a legislação dos genéricos surgiu porque José Serra ""olhou o preço dos medicamentos contra a Aids e ficou revoltado"". A lei estava em tramitação no Congresso e (acertadamente) teve apoio e incentivo dele e do FHC. E essa política pública de melhorar/baratear medicamentos (não somente contra o HIV) expandiu-se no governo seguinte, quando Lula e Chirac propuseram a criação de uma central mundial de compra e distribuição de medicamentos inicialmente contra HIV, malária e tuberculose (a [UNITAID](http://www2.senado.leg.br/bdsf/bitstream/handle/id/403063/noticia.htm)) para distribuição em países pobres. O licenciamento compulsório ensejou, como apontado por Michel Lotrowska (MSF), a existência de ""um compromisso da Unitaid de apoiar os países no uso de licenças compulsórias, conforme reafirmado na Declaração de Doha da OMC (Qatar, 2001) sobre o Acordo Trips e Saúde Pública."" E eu sei disso porque sou jornalista desde 1994 e vivi essa evolução, e uma das coisas que sempre me preocupou e horrorizou foi a dizimação do parque farmacêutico brasileiro, em detrimento da importação de IFAs e medicamentos. Pagamos um preço alto por essa sandice na pandemia, e eu torço que esse quadro se reverta nos próximos anos (o processo já começou, felizmente)."
REDDIT_0306,Form_Reddit_07,6,reddit,ojphe67,brasilivre,"""Culpa do sistema"". Devo te lembrar de quem comemorou o Lula solto? Irmão, discussões de 2022 você ainda insiste em bater na tecla. Já é passado, refutado há muito tempo. Acorda para a vida. Para você só sobrou isso: mágoa, ressentimento e apelo à insignificância. O mesmo MBL que hoje você torce para que o PT torne ""irrelevante"", fundou um partido e pontua mais que o Zema. É questão de tempo até você chorar em posição fetal no seu quarto e ver seu candidato ser trucidado por Renan Santos nos debates. Talvez seu candidato rachador e chocolateiro vença as eleições NÃO por ter uma proposta de Brasil melhor, mas por ter uma gama de gados e apaixonados, como você. Eu te achava pragmático, mas ficou claro que você é um apaixonado. Sabemos que Flavio Wonka não vai emplacar nenhuma das reformas de que o país precisa. E eu vou estar lá para apontar o dedo na sua cara e dizer: ""pelo menos você tirou o PT, né?"", igual aos otários que votaram no Lula dizendo ""pelo menos tiramos o Bolsonaro""."
REDDIT_0307,Form_Reddit_07,7,reddit,ojrujrt,brasilivre,O unico projeto do bolsonarismo é salvar aquele bostão do caralho do bolsonaro
REDDIT_0308,Form_Reddit_07,8,reddit,p46waoi,brasil,"Peraí, então o Lula é de Esquerda? KKKKKKKKKK Oxe."
REDDIT_0309,Form_Reddit_07,9,reddit,ok1z2xn,brasilivre,"Fake news, MBL não apoiou Lula em 2022. Tenta de novo!"
REDDIT_0310,Form_Reddit_07,10,reddit,nxfs9gc,brasil,"Não gosto do Lula, para mim ele é aquele que dá muito de bonzinho, mas faz coisas piores por baixo dos panos. Pois bem sobre o Maduro teria que ter um nova eleição( assim como o Lula sugeriu que foi assertiva sem ele no poder), mas ele quis trapacear e isso foi o princípio da queda o STF dele entrou junto com isso. E olha nisso o Lula está sozinho na questão em proteger o Maduro, Argentina já falou Maduro é ditador, Uruguai, Chile e principalmente a Guina Francesa, ou vocês esqueceram que quem queria tomar o território da Guina partiu dele ? Agora um que deve tá com cu na mão é o Gustavo Pietro da Colômbia, xinga o presidente e parece publicamente não sóbrio."
REDDIT_0311,Form_Reddit_07,11,reddit,nxevjb2,brasil,foda que por mais que eu concorde eu só imagino o renan bolsonaro em 2038 falando que tem que VAPORIZAR a petralhada
REDDIT_0312,Form_Reddit_07,12,reddit,p48vmmu,brasilivre,entre renan e lula qual vc vota ?
REDDIT_0313,Form_Reddit_07,13,reddit,o34qhpt,brasilivre,"Pois estando o Bolsonaro preso, não tem como dizer que a culpa é dele."
REDDIT_0314,Form_Reddit_07,14,reddit,nxhhc91,brasil,>Luis Inácio Lula da Silva. Lula não apenas é de esquerda como não se curvou aos Estados Unidos Essa visão que o Reddit tem do Lula é bizarra kkkk
REDDIT_0315,Form_Reddit_07,15,reddit,p3zeabr,brasilivre,"Zema é muito jeca, capaz dele votar no Flávio no primeiro turno em vez nele mesmo Nunca vi um lacaio da família Bolsonaro tão patético quanto o Zema"
REDDIT_0316,Form_Reddit_07,16,reddit,nxcmc7n,brasil,seria engraçado se ele optasse por um ronaldo caiado ou renan santos ou qualquer outro ao invés do bolsonaro.
REDDIT_0317,Form_Reddit_07,17,reddit,p46l695,brasilivre,"So deixa o vei ganhar mesmo . 2030 é garantido a direita vencer . Esse ano , sem bolsonaro pai concorrendo , é impossivel bater de frente com o Lula. Única possibilidade sincera de Flávio ou qualquer outro concorrer é o nine ser hospitalizado e impedido de concorrer , ou ir dessa pra uma melhor"
REDDIT_0318,Form_Reddit_07,18,reddit,nx9b2zy,brasil,"Nossas prisões são um inferno na terra e tu mete essa? kkkkkkkkkk Bolsonaro tá numa prisão que é melhor e maior que metade dos apartamentos de SP, queria mt ver esse lixo preso no inferno que ajudou a criar pra ver se esse papinho de ""fetiche em ressocialização"" iria colar."
REDDIT_0319,Form_Reddit_07,19,reddit,ope4f0v,brasilivre,Acho que o grande gol do Lula esse ano será o fim do 6x1. Imagino que ele está guardando para perto de outubro mesmo. Ele não tem mais meios de melhorar o poder de compra.
REDDIT_0320,Form_Reddit_07,20,reddit,opaw0uu,brasilivre,"Pesquisa: ""Lula e o Menino do Mep"" e veja quem vc está apoiando."
REDDIT_0321,Form_Reddit_07,21,reddit,ojd7odh,brasilivre,"Você hoje, e a favor ou contra o Lula ser anistiado?"
REDDIT_0322,Form_Reddit_07,22,reddit,p48lgig,brasilivre,"As coisas vão piorar, seja esquerda ou direita. A diferença é que, se a direita ganhar esse ano, TUDO VAI SER CULPA DA DIREITA. Se a esquerda ganhar, talvez, TALVEZ, TALVEZZZZ os qi83 caiam na real de que o governo PT foi ruim pro país e resolvam queimar coisas e iniciar uma guerra civil que, depois dela, melhoraria essa merda com algum governo de direita mesmo (não bolsonaros, não mbl, to falando de direita). Por isso eu voto L esse ano, e os próximos, até isso aqui afundar. Pra melhorar é preciso piorar."
REDDIT_0323,Form_Reddit_07,23,reddit,o3dt647,brasilivre,Culpa dos 4 anos do Bolsonaro !
REDDIT_0324,Form_Reddit_07,24,reddit,nx9cqwy,brasil,"Olha, me parece esse meio sempre pendeu pra esse lado, mas não tenho tanto conhecimento de causa quanto você diz ter. Agora, se de fato esse fenômeno ocorreu apenas agora, e parecendo coordenado, leva a crer existe uma organização por detrás. É ano de eleição, afinal. Pode ser o Flávio Bolsonaro queimando dinheiro da campanha."
REDDIT_0325,Form_Reddit_07,25,reddit,nxh8v3v,brasil,A chance que a Direita Brasileira tinha de influenciar o Trump já foi desperdiçada com aquele circo das tarifas e só serviu pra aproximar o Lula e o Trump Qualquer outra coisa que tentarem a partir de agora vira escárnio KKKKKKKK
REDDIT_0326,Form_Reddit_07,26,reddit,nxaw8xa,brasil,"Deve ser porque historicamente o centrista médio no Brasil foge de conversas essenciais e foca no discurso que repudia tudo que está aí. É porque o político centrista médio padrão vai aonde tem mais dinheiro, votando inclusive em contradição quando se avalia todo o histórico. O centro não é O culpado da polarização, a polarização é um fenômeno que tem diversos fatores influenciadores. Agora, você precisa reconhecer que se uma figura polêmica e de nicho como Bolsonaro saiu de um maluco que ninguém ligava na câmara pra um potencial, e no fim das contas, eleito presidente, o centrista médio que comprou o discurso que elegeu ele (e câmara e senado igualmente ignorantes) tem, sim, responsabilidade."
REDDIT_0327,Form_Reddit_07,27,reddit,o3qqd8t,brasilivre,"Bolsonaro tentou destruir o MBL ou o MBL tentou destruir Bolsonaro? Bolsonaro não fez absolutamente nada de concreto contra ninguém do movimento. ""Ain,.mas a ABIN espionou o Kim"". Beleza,.mas e aí o que foi feito de concreto contra ele ?"
REDDIT_0328,Form_Reddit_07,28,reddit,ojv1dch,brasilivre,"Bolsonaro teve mais votos em 2022 que em 2018, ô boçal. STF se viu ameaçado por Bolsonaro quando ele demonstrou interesse em tranformá-lo numa Côrte Constitucional. Precisavam tirá-lo da cadeira da Presidência a qualquer custo, e o único caminho que viram pra isso foi descondenando o Lula e o elegendo na fraude."
REDDIT_0329,Form_Reddit_07,29,reddit,ok20p7u,brasilivre,"Até parece que quem é fã do MBL ia votar em Lula. Tá chapando mano. Ou tu é adestrado por teu político de estimação? Quem apoia o mbl não vota no PT. Entre PT e bolsonaro, foram de bolsonaro"
REDDIT_0330,Form_Reddit_07,30,reddit,p4aihmr,brasil,"eu era jovem de direita em 2013 e nunca gostei do PT (isso nao mudou). Era a favor do impeachment da dilmae ate o fatídico dia da votação e percebi quem eu estava apoiando vendo os discursos, inclusive eu gostava do bolsonaro até o discurso exaltando torturador. dali em diante sinto que me aproximei do brizola e do trabalhismo num geral até ter contato com o marxismo (antes achava q comunismo era aquele senso comum todo) e posteriormente leninismo. Eu diria que os.maiores responsáveis pela minha radicalização foram o bolsonaro, o ciro gomes e a CLT 6x1"
REDDIT_0331,Form_Reddit_07,31,reddit,nxcijux,brasil,"Nem isso. Ele só acessou o perfil do cara demitido por Bolsonaro. Como o Linkedin avisa quando veem o seu perfil (se vc tiver isso ativado), ele dedurou o maluco que tava em prisão domiciliar."
REDDIT_0332,Form_Reddit_07,32,reddit,nxfakqj,brasil,"Vou te contar um segredo; A América Latina é fraca e desunida. O maior e mais potente país é o Brasil e a gente tava tomando golpe até ontem. Por mais críticas q eu tenha ao Lula, eu admiro o poder dele na geopolítica e ele sempre tentou criar uma união na América Latina, mas sozinho nunca deu em nada. Processo esse atrapalhado inclusive pelo próprio EUA. Resultado: Venezuela. Independente de opiniões a respeito do maduro, Trump de fato sufocou o país, matou gente sem provas, acaba de realizar uma operação militar de invasão e simplesmente raptou o presidente do país. E ninguém vai fazer nada e ele sabe disso. Lula vai falar contra, vai prestar solidariedade e vai ser rechaçado por brasileiros e latinos pq pra eles isso td viraria colonia estadunidense."
REDDIT_0333,Form_Reddit_07,33,reddit,nxh12to,brasil,"Maduro não foi derrubado por fraudar as urnas, foi sequestrado por falarem que ele era um ""narcoterrorista"". O Lula pode ter sido eleito democraticamente e falarem que ele é um narcoterrorista também, aí como fica?"
REDDIT_0334,Form_Reddit_07,34,reddit,ok7e1zg,brasilivre,Parece o Flávio Bolsonaro de barba.
REDDIT_0335,Form_Reddit_07,35,reddit,odqzq2f,brasil,"Vc é ""novo"" aqui... Antes da eleição do Bolsonaro aqui era IGUALZINHO o farialima bets. Todo mundo liberal. Até o resultado chegou a ser celebrado... Daí o Bolsonaro se elegeu, só fez merda, dai o r/Brasil virou a chave e foi se tornando progressista. isso começou a gerar brigas e a moderação endureceu. Os exilados criaram o r/brasillivre. mas como toda bolha vive da sua própria auto afirmação (o famoso circlejerking), aqui a moderação elimina qualquer opinião reacionária, no brasil ""livre"" se elimina qualquer opinião progressista. Aqui é uma bolha mais saudável, mas ainda assim é uma bolha. é só abrir o grupo de whatsapp da família e ver o seu tio babaca falando ""e o lula?"" e compartilhando vídeo sem graça claramente de IA como se fosse a maior verdade do mundo... essa semana era de um papagaio falando do Lula... daí vc enxerga o quão distante a sua bolha está da bolha dele..."
REDDIT_0336,Form_Reddit_07,36,reddit,nxge9wz,brasil,O Maduro tomou o poder primeiro. Nem o Lula duvida que ele fraudou as eleições. É isso que acontece quando se tenta a todo custo permanecer no poder. O Maduro não é santo e não merece ser defendido. Eles que se resolvam pra lá.
REDDIT_0337,Form_Reddit_07,37,reddit,p4a3iqj,brasilivre,pois é... tantas fantasticas opcoes para indicar e o imbecil do bolsonaro coloca um centrista sem sal qualquer...
REDDIT_0338,Form_Reddit_07,38,reddit,odr69aj,brasil,"Além do fator da moderação que já foi colocado nos comentários... Pode ser difícil de acreditar mas... Os países hispânicos consomem muito mais propaganda anticomunista que no brasil, depois da revolução cubana os EUA ficaram paranóicos com a América Latina, além de que o reedit é cheio de bot que propaga ideologia ianque em subs estratégicos pra eles. Além de que quando a gente pega o retrato de quem usa o reedit nesses países só piora (geralmente é um pessoal com mais dinheiro), mesmo no Brasil, se vc pegar sites dos anos 2000/2010 tudo relacionado a política era anticomunista, racista, machista e etc... Só foi começar a ter uma galera de esquerda mais consolidada de 2015 pra cá, que é quando o povão mesmo começou a usar a internet, antes disso era um espaço de classe média alta. (esse sub mesmo só se consolidou de esquerda durante o genocídio do Bolsonaro). Mas ainda assim vc acha hermanos de esquerda em subs nacionais do reedit, mas costumam ser páginas alternativas a ""principal"""
REDDIT_0339,Form_Reddit_07,39,reddit,ok46t6d,brasilivre,"Primeiro turno vou de Zema, ideologicamente é o que mais se aproxima dos meus ideais. Segundo turno eu vou de Lula porque sou funça e pretendo continuar mamando o Estado, já tomei a black pill, o Brasil não tem solução."
REDDIT_0340,Form_Reddit_07,40,reddit,o2z8hlz,brasilivre,"Não é a primeira vez que algum do MBL ameaça um Bolsonaro. O outro vídeo eles tiraram do ar (era um podcast), o cara falava que Bolsonaro deveria se suicidar. Induzir ao suicido no Brasil é crime. Mas a Esquerda pode falar em matar. Pois são seres iluminados, e qualquer um que diz o contrário é nazista."
REDDIT_0341,Form_Reddit_07,41,reddit,odw5ket,brasil,https://preview.redd.it/l9aditb9issg1.png?width=1005&format=png&auto=webp&s=264824956a18de68a77556319669ae3da657575f Eleitor do F. Bolsonaro
REDDIT_0342,Form_Reddit_07,42,reddit,p47bmqi,brasil,Lula e PT ainda são considerados “esquerda”?
REDDIT_0343,Form_Reddit_07,43,reddit,p48ptd5,brasil,O lula cooptou eles? Rsrs
REDDIT_0344,Form_Reddit_07,44,reddit,p43y9uf,brasilivre,"O mesmo Bolsonaro que soltou Lula, acabou com a lava jato e lava toga?"
REDDIT_0345,Form_Reddit_07,45,reddit,ojw2ij8,brasilivre,"Acho que o pessoal não tem ideia que expurgos acontecem em estados totalitários. Se o Lula fizesse um expurgo que eles pregam, será que gostariam?"
REDDIT_0346,Form_Reddit_07,46,reddit,opbv0pk,brasilivre,"Era para só para tomar uma cervejinha, segundo o Lula."
REDDIT_0347,Form_Reddit_07,47,reddit,nx6b34s,brasil,"Parabéns, eu nem sabia desse meme, mas agora sei. Imagino que uns 100 milhões de brasileiros pelo menos também não sabiam e irão saber graças ao jornal. E movimentar o governo por conta de uma merda dessa, é tão patético que será lembrado no futuro. Realmente, Lula e seus ministros pararam no século 20."
REDDIT_0348,Form_Reddit_07,48,reddit,odwev61,brasil,Se o PT fosse inteligente ja faria a seguinte conexao nas rede sociais: Trump não quer pix -> Flavio bolsonaro lambe as botas do Trump (posta o video dele oferecendo as terras raras = Logo se Flavio for aelwito acabou o pix.
REDDIT_0349,Form_Reddit_07,49,reddit,ojbl4pr,brasilivre,"""Brasil acordou, não vai votar no Lula"" A alternativa: Desmaio Bolsonaro 🤡🌎"
REDDIT_0350,Form_Reddit_07,50,reddit,nx1l9s3,brasil,"seguido de um ""tem dedo do lula nisso ai, certeza!"""
REDDIT_0351,Form_Reddit_08,1,reddit,p42a5mg,brasilivre,Direita perdeu tudo desde que Bolsonaro foi eleito
REDDIT_0352,Form_Reddit_08,2,reddit,o3px84y,brasilivre,Bolsonaro pode até ter culpa em alguma coisa ou outra. Mas tiveram 4 anos para reverter
REDDIT_0353,Form_Reddit_08,3,reddit,p498g69,brasil,"Enquanto Bolsonaro pai ficava igual um peru bêbado e cego no palco do debate, esse ano teremos todos a oportunidade de ver Flávio Bolsonaro obrar nas calças em rede nacional durante um debate desses. Haja corte para aproveitar algo de um bolsonaro durante um debate. Oratória deprimente."
REDDIT_0354,Form_Reddit_08,4,reddit,nxmgcj5,brasil,"Lula tentou uma PEC pra regularizar isso, com direito a pagamento mínimo por hora. Os motoristas fora, conta, pq é o Lula"
REDDIT_0355,Form_Reddit_08,5,reddit,odp8zv1,brasil,Lembrando que o bolsonaro ainda tinha as refinarias
REDDIT_0356,Form_Reddit_08,6,reddit,ok2jdo6,brasilivre,"Para mim é o quarto da fila, depois do zema, do caiado e do flávio. O apoio ao Lula em 2022 é imperdoável."
REDDIT_0357,Form_Reddit_08,7,reddit,p48wghx,brasilivre,Quem falou de Bolsonaro aqui? Se essa é a sua defesa só comprovou tudo o que disse
REDDIT_0358,Form_Reddit_08,8,reddit,nxfnpia,brasil,O Maduro disse que o Lula era um agente da CIA só por pedir o mínimo de provas dele não ter roubado mais uma eleição. Esse ditador de merda era só um peso nas costas da esquerda moderada brasileira e no povo Venezuelano. Pelo menos acabou rápido.
REDDIT_0359,Form_Reddit_08,9,reddit,nxf96fp,brasil,"Nao é futuro nao irmão, Lula tentou unir america Latina para mandar uma carta de repúdio (nao se era isso)... se nem uma carta conseguimos mandar imagina tomar uma ação real."
REDDIT_0360,Form_Reddit_08,10,reddit,o87xsoz,brasilivre,"Mesma coisa. Sempre foi. O objetivo do MLB é substituir o PSDB achando que o fim desse partido deixou um vácuo de poder. Pois não deixou... A posição que esse partido ocupava na cabeça do povo era a de única oposição ao PT. Quando o Bolsonaro (sem partido!) provou ser mais oposição que um partido inteiro, o povo brasileiro acordou, e o PSDB acabou. É ridículo um cara ainda vir tentar implementar um novo teatro das tesouras no Brasil. E é mais ridículo ainda que tais pessoas consigam ao menos 1 voto, e que ainda sejam eleitos pra alguma coisa nesse país. É realmente ridículo."
REDDIT_0361,Form_Reddit_08,11,reddit,o3pw3u2,brasilivre,"Querendo ou não o MBL atua como categoria de base nossa, sem esse não teríamos Holiday, Pavanato, Rubinho, o menino lá do Ceará, Carmelo eu acho, e tantos outros que quando subiram pro profissional não sentiram o peso da sombra do Presidente Bolsonaro!"
REDDIT_0362,Form_Reddit_08,12,reddit,o328rwi,brasilivre,"Fora que, mermão, se eu fosse juntar todas as falas dos Bolsonaros em que eles expressam de forma literal a morte de adversários, eu passava a noite inteira aqui."
REDDIT_0363,Form_Reddit_08,13,reddit,opb42j6,brasilivre,So daria certo se os Bolsonaros não tivessem gritado pro quatros cantos que tem influência no Trump fora o timing da visita. Era so essa familia ficar quieta que papava a eleição mas tudo que tocam vira merda
REDDIT_0364,Form_Reddit_08,14,reddit,o3c251c,brasil,É agora que o camarada lula tira o disfarce de neoliberal e mostra que o PT está dando uma guinada à esquerda! /sarcasmo
REDDIT_0365,Form_Reddit_08,15,reddit,op4ab1a,brasilivre,"Eu teria mais chance de votar num papagaio que no Lula. Mas, conhecendo o PT, iam colocar é uma arara vermelha."
REDDIT_0366,Form_Reddit_08,16,reddit,o3cg85a,brasilivre,"Nem fudendo. Bolsonaro não queria ser heroi? Ele não tá na domiciliar pq é burro. Foi tentar fugir de condenação depois de preso. Tem que aliviar pros togados não. Se o Bolsonaro tiver que continuar na papuda ao troco de a imagem dos ditadores de toga ir cada vez pra lama, que seja."
REDDIT_0367,Form_Reddit_08,17,reddit,o35left,brasil,"O Lula é a maior desgraça pro PT pq NINGUÉM DESGRUDA DELE Ai reclamam que só tomam porrada, porra galera a gente não pode entrar na sede do partido e comer vocês na porrada pra conseguir resultado, melhorem"
REDDIT_0368,Form_Reddit_08,18,reddit,p4561e6,brasil,A gente ja faz chips doente. Oq a gente e o resto do mundo inteiro nao faz sao os chips de celular. Esses eu nao tenho a menor esperança de ver e nem o lula.
REDDIT_0369,Form_Reddit_08,19,reddit,okdx3sz,brasilivre,"A julgar pelo que o fux fez, ele queria aliviar pro bolsonaro e companhia, mas esqueceu dos prostestantes. Infelizmente tem muito interesse de poder"
REDDIT_0370,Form_Reddit_08,20,reddit,p44mikj,brasilivre,"Realmente acredito que ele é o símbolo da Direita e honestamente isso não é bom. Falta muito caráter na direita brasileira, uma manipulação massiva de apoiadores pode levar uma pessoa ruim ao poder do país como já aconteceu antes. E não estou falando de um 'um mal menor', como é oque acontece quando o Lula chega ao poder, e sim um mal legítimo focado em benesses para o elitismo."
REDDIT_0371,Form_Reddit_08,21,reddit,o32t9fb,brasil,"Poh irmão, quando for comentar, da uma pesquisada antes para ter certeza do que vai falar. -Átila lira foi o relator da proposta e quem inseriu o texto inicial. -Arthur lira fez pressão para que ela não fosse retirada, -no senado Rodrigo Cunha tentou retirar o projeto, mas partidos incluindo os da base do governo o colocaram de volta -haddad, ministro so lula foi fortemente a favor da taxa -lula criticou mas não vetou -janja e influenciadores de esquerda foram grandes defensores da taxa, até mentindo falando que o imposto era para as lojas pagarem, não para os compradores.(engraçado que eles podem viajar pra fora e trazerem um monte de coisa sem pagar nada, ja o brasileiro pobre....) -o remessa conforme além do imposto de importação possibilitou a cobrança do icms, raramente era cobrado porque seria difícil para os estados, com o remessa conforme eles passaram a cobrar ja que era muito fácil fazê-lo. -dolar alto não é culpa (apenas) do Guedes, durante a pandemia o dolar subiu em todo mundo, agora o interessante é que recentemente o dólar perdeu valor em todo mundo e somado a isso o Brasil está com juros muito alto (evita inflação, mas assim como um remedio, doses muito altas por muito temo vai nos matar), e com recorde de exportação, esses 3 fatores deveriam favorecer e muito a queda no valor do dolar, e mesmo assim estamos acima dos 5 reais ainda, muito por culpa da desconfiança na gestão do dinheiro por parte do governo. -""se ta caro, é só não comprar"" é uma frase de quem mesmo ?"
REDDIT_0372,Form_Reddit_08,22,reddit,o3mf8a6,brasilivre,">Ai é foda, nem a gente de esquerda quer o lula mais, mas é o mais a esquerda que consegue ganhar algo. Quem te disse que o pessoal de esquerda não quer o Lula mais? Eles vão votar nele no mesmo jeito, que é o que importa. >Ai fica nessa punhetação sempre. Entendo. Mas democracia é o possível, não o ideal. Meses atrás eu também estava dizendo para mim mesmo que não iria votar em quem o Bolsonaro indicasse, mas caí na real de que, gostemos ou não, o bolsonarismo é indispensável para derrotar a esquerda. A alternativa é deixá-los mais 4 anos no comando e consolidar a destruição das nossas liberdades individuais e valores básicos."
REDDIT_0373,Form_Reddit_08,23,reddit,p434eby,brasilivre,"""Seu cafetão"". Olha o nível dos MAVs que o PSDB Kids manda para debater. Bolsonaro perdeu por uma pequena margem que poderia tranquilamente ser positiva, mas a direita fake fez campanha diuturnamente pelo voto nulo. Não vejo nenhuma rejeição devido ao 8 de janeiro, pelo contrário, a esmagadora maioria da direita considera como presos políticos, inclusive o Supremo atual é visto como ditatorial no exterior. Eu mordi a isca do PT? Você tá defendendo alguém que não tem a mínima chance de ser eleito, porém faz de tudo para eleger o Lula. Acho que se alguém aqui está enganado, ou até de má fé, é você. Se você acha que o PT vai ""jantar o PL"" no segundo turno. Qual é a sua solução? Caiado, Flávio, Zema e Marçal abandonarem a eleição para o Lula conseguir ganhar no primeiro turno? Você não nos engana, oncinha!"
REDDIT_0374,Form_Reddit_08,24,reddit,nxfnspn,brasil,"Lembro na época do ""Bolsonaro evitou a guerra na Ucrânia"" pra em questão de 1 ou 2 dias a guerra começar... E o gado tava acreditando nessa!"
REDDIT_0375,Form_Reddit_08,25,reddit,nx30lkv,brasil,"Eles adoram falar em compra em compra de votos. Só que esse aí tá fazendo errado, pq os privilégios, já irão votar em Flávio Bolsonaro."
REDDIT_0376,Form_Reddit_08,26,reddit,p43jnb0,brasilivre,"Ele sua um boa opção de não passasse pano para as picaretagens do Bolsonaro. A meu ver, ele está só surfando."
REDDIT_0377,Form_Reddit_08,27,reddit,o30wc0d,brasilivre,ninguém com sobrenome bolsonaro ganha nenhuma presidência no brasil
REDDIT_0378,Form_Reddit_08,28,reddit,p48lgam,brasil,"Pq o Lula tá a 200 anos empacando o progresso do país ele precisava ter feito um sucessor 15 anos atrás. Mas não ele é fascinado pelo poder pelo poder e ai virou vidraça. Ninguém aguenta tanto tempo assim no executivo de um país como o Brasil sem gerar uma resistência absurda. Note que o rachadinha é absurdamente ruim e mesmo assim tem metade do eleitorado, somando com o resto dos candidatos (que são quase tudo de direita) é capaz de ganhar o segundo turno."
REDDIT_0379,Form_Reddit_08,29,reddit,p4aaj7s,brasil,"O governo atual foi o ÚNICO governo que conseguiu afetar DIRETAMENTE minha vida. Já proibiram as transmissões de Discord, que eu usava para estudar e conversar com amigos, além de assistir filmes. Eu faço medicina e, de lá pra cá, tomaram medidas horrendas quanto aos estudantes que afetou diretamente a qualidade do ensino nas boas universidades. Não somente isso, para ganhar um dinheiro extra, eu sempre vendi produtos importados, e agora pago NO MÍNIMO 50% de taxa com a ""taxa das blusinhas"" (que logo vai voltar) ou 100% quando o produto está fora do HORRENDO Remessa Conforme. Quer mais? Bloquearam o telegram, o qual sempre usei para baixar materiais didáticos para os estudos e compartilhar arquivos num grupo privado e acessar remotamente. Craram a aberração do ECA Digital (lei felca), apenas para controlar diretamente a todos. Enfim, é o seguinte, eu iria anular meu voto por nojo extremo à família Bolsonaro, mas, sinceramente? Que se danem, fizeram e vão pagar para ver, e torço para que percam as eleições, pois é melhor um governo que passa sem me afetar diretamente do que um que parece o tempo todo te perseguir sem ter feito nada. Não queria, mas sou obrigado a ser voto contra. E que acordem todos vocês desse Sub, o Lula perder não vai ser uma ""culpa da direita maligna"", é culpa dele mesmo. Mas continuem, façam os malabarismos lógicos que sempre fazem, ""senão o bolsonaro volta"""
REDDIT_0380,Form_Reddit_08,30,reddit,ok956kl,brasilivre,Até o bolsonaro aparecer era cool ser de direita. Se ele não fosse tão burro e escroto a juventude provavelmente ainda estaria com ele.
REDDIT_0381,Form_Reddit_08,31,reddit,nx97w8p,brasil,"Eu estava falando sobre os votos do legislativo mesmo. Mas sobre o que você disse, o país tá polarizado. Em 2018 votaram no Bolsonaro né? O que eu estava argumentando é que o centro é culpado sim por dar espaço pra inúteis como o Bolsonaro. Pelo menos parte do centro viu o tamanho da merda que fizeram e mudaram o voto em 22. Mas também acho isso mais complexo, tem uma questão do brasileiro ainda ser muito apegado a figuras políticas, mais do que ideologias. No norte de Minas, por exemplo, foi comum o voto Lula e Zema, com discurso contra o comunismo e apreço pela imagem do Lula."
REDDIT_0382,Form_Reddit_08,32,reddit,p44w5nj,brasil,"Concordo. E creio que se o lula ganhar e tiver maioria no congresso e camara, ele irá fazer muita coisa em prol da classe mais humilde. Não necessariamente o melhor para o Brasil."
REDDIT_0383,Form_Reddit_08,33,reddit,ojzh2xw,brasilivre,"Calma, o Bolsonaro não vai te comer"
REDDIT_0384,Form_Reddit_08,34,reddit,nx559kf,brasil,"Lula e o PT não ligam muito pra racionalidade, não, por vezes. Parece que eles seguem um instinto muito difícil de compreender a lógica."
REDDIT_0385,Form_Reddit_08,35,reddit,o88l6vv,brasilivre,Sim o Bolsonaro que está afundando o Brasil ! /s
REDDIT_0386,Form_Reddit_08,36,reddit,nxfo6go,brasil,"Lula se ajoelhou ao Putin quando disse para o povo ucraniano se render e entregar seu território? Se sua resposta é sim, então sou obrigado a dizer que sim, é ser ajoelhar aos Estados Unidos."
REDDIT_0387,Form_Reddit_08,37,reddit,op4ffp6,brasilivre,"é lula e flávio contra o Brasil, mas o futuro é glorioso e o bolsopetismo vai morrer, santos 14"
REDDIT_0388,Form_Reddit_08,38,reddit,opcmj58,brasilivre,"O Bolsonaro era tão diplomático q ao invés de manter as aparências com os americanos depois da eleição do biden, ele ficou chorando e acusando o país de FRAUDE. Isso que eu não contei a vez q ele foi no twitter chamar de feia a mulher do Macron, nível south park de bizarrice"
REDDIT_0389,Form_Reddit_08,39,reddit,nxafyxi,brasil,O próprio Bolsonaro apostou no 13.
REDDIT_0390,Form_Reddit_08,40,reddit,odv9nnw,brasil,"Direita brasileira é só cadelinha de gringo, se um nóia de fentanil estadunidense mandar o Bolsonaro ficar de 4 e latir, ele faz."
REDDIT_0391,Form_Reddit_08,41,reddit,opd2op2,brasilivre,"apenas sendo sensato, esse eleição "" É votar em lula ou votar contra lula."" , diferente dos PSDB kids oncinhas e os MAV petista que querem votar em gente com zero chance de ganhar."
REDDIT_0392,Form_Reddit_08,42,reddit,ojhuldh,brasilivre,"Hahaha. Bolsonaro junto a Lula são os maiores impostores desse Brasil, pior do que o Centrao que não finge que é bandido"
REDDIT_0393,Form_Reddit_08,43,reddit,nxfp40k,brasil,"Cara isso aí que você ta fazendo é ideação suicida. Sou comunista também, mas dizer que era pro lula querer mobilizar algo ou fazer mais que isso contra os estados unidos é querer cometer suicídio nacional. Literalmente nada impede o EUA de não meter esse mesmo louco por aqui O máximo que o brasil, independente de governo, pode fazer nessa situação é tentar a diplomacia, mesmo que a chance de funcionar seja quase 0"
REDDIT_0394,Form_Reddit_08,44,reddit,ojv1o4c,brasilivre,"Em alguma outra notícia eu vi que estão ventilando para o Lula a idéia de indicar uma mulher negra porque aí, na cabeça deles, o Senado não teria como recusar porque senão seria acusado de ""rasciste"" e ""misógine"". Mas, depois do PT já ter usado a carta do anti-semitismo contra o Alcolumbre, duvido que isso funcione. Além disso, tenho dúvidas também que Lula aceita essas sugestões de ""engenharia social"", porque é bem claro que ele só usa cadeira vaga de STF para colocar cumpinxa que ele acha que vai ter lealdade total. Seria difícil garantir isso com uma negra aleatória."
REDDIT_0395,Form_Reddit_08,45,reddit,ojdvtwl,brasilivre,"O Flávio deveria estar preso e o Lula não deveria estar solto e muito menos ser elegível. Se não bastasse tudo isso, ainda tem retardado que quer votar em ambos."
REDDIT_0396,Form_Reddit_08,46,reddit,p49bp5b,brasil,Rapaz o Lula pode parar um meteoro de atingir o Brasil e eu duvido que a intenção de votos muda.
REDDIT_0397,Form_Reddit_08,47,reddit,ojbbr64,brasilivre,"Flavio é muito mais politico que o pai, e isso é bom, se Bolsonaro tivesse sido mais politico no mandato dele teria se reelegido com folga"
REDDIT_0398,Form_Reddit_08,48,reddit,ojwihhr,brasilivre,E agora o governo de lá querendo tirar o Lula kkkk galera indecisa
REDDIT_0399,Form_Reddit_08,49,reddit,o390e8y,brasil,"Em 2020, governo Bolsonaro, RCN, SELIC chegou a 2%. Não to defendendo o Bolsonaro, votei no Lula e farei de novo. Só que isso é uma falácia. A SELIC deveria diminuir? Sim. Não diminui porque a inflação tá sempre batendo no teto (o que é um problema porque o brasil quer inflação e suíça tendo uma economia turca, além do cálculo do IPCA desconsiderar muitos preços sazonais)."
REDDIT_0400,Form_Reddit_08,50,reddit,odpvkw8,brasilivre,"Bolsonaro não é santo, mas ainda sim é o meio mais eficaz viável e menos danoso no sistema para evitar um mal maior que chama LULA IV. Impossível 20 anos de uma desgraça chamada PT e Lula não te incomodarem mais."
REDDIT_0401,Form_Reddit_09,1,reddit,p461rn0,brasil,"nossa, como vc consegue se concentrar e escrever um textão com as bolas do lula na sua boca?"
REDDIT_0402,Form_Reddit_09,2,reddit,o88mqx4,brasilivre,"bolsonarista adora cobrar os outros por declarações e exposições firmes contra o SFT. E, quando o individuo em questão não o faz, corre logo para chamá-lo de comunista e ""faz parte do sistema"". Agora, quando vem o sojado do flavio bolsonaro com esse discurso pamonha, e, o qual já se aliou e se beneficiou do sistema (Toffoli e Gilmar Mendes), ele é considerado o grande herói conservador que vai salvar o brasil."
REDDIT_0403,Form_Reddit_09,3,reddit,p47xji3,brasilivre,"Acredito que sai derrotado sim, até porque, se o Lula não vencer essa eleição, morre a esquerda no país, não tem ninguém que chegue perto. Pode ser que o Tarcísio venha para 2030 e até tenha força pra bater contra o que a esquerda jogar, mas o Nikolas não sai não."
REDDIT_0404,Form_Reddit_09,4,reddit,p42xtre,brasilivre,"Não vejo problemas, por mais que o bolsonaro começo ""literalmente"" o movimento da direita no pais, porque o PSDB = merda, precisamos continuamente a criar novas pessoas para lutar pela direita e não deixar mais esse pais nas mãos putridas do 9 assaltos."
REDDIT_0405,Form_Reddit_09,5,reddit,p49ljrj,brasil,Lula de 89 x Collor é igual Lula x Flávio
REDDIT_0406,Form_Reddit_09,6,reddit,p40vpn9,brasilivre,"Eu não sei quem é pior, os que acham que Lula é inocente ou os que sabem que não é só que votam mesmo assim"
REDDIT_0407,Form_Reddit_09,7,reddit,nx4xemi,brasil,"completamente equivocado. O Lula conhece o Messias, ao contrário do Toffoli. O Lula convive com o Messias, afinal ele foi o AGU. As ideias do Messias são claras, estão na defesa de doutorado dele, que é uma defesa do petismo e uma crítica ao neoliberalismo. Pode ser que ele seja oportunista? Sim, assim como qualquer um que ele indicar, assim como, por exemplo, o Joaquim Barbosa, que era negro e um bom jurista. Numa indicação republicana, foi indicado. O que aconteceu? Também traiu o Lula e inventou teorias pra poder condenar toda base petista que tinha conseguido erguer o Lula a presidente. Qualquer indicação pode dar errado, mas a probabilidade de dar errado com o Messias é MENOR, e não maior. O resto é o papo de sempre da vida cirandeira da esquerda ""republicana""."
REDDIT_0408,Form_Reddit_09,8,reddit,nxhbigl,brasil,e o lula sabe falar essas palavras todas? eu gosto dele mas eu me pego imaginando ele andando pela casa pensando e escrevendo essas palavras difíceis com a janja olhando
REDDIT_0409,Form_Reddit_09,9,reddit,o36h7ur,brasil,"Acabei de ver e ele realmente tem idade mínima para virar governador. Infelizmente ganha fácil, principalmente agora que o Lula não tem nenhum nome realmente forte para o governo de MG."
REDDIT_0410,Form_Reddit_09,10,reddit,nxuee0d,brasil,A gente tá falando do mesmo Lula?
REDDIT_0411,Form_Reddit_09,11,reddit,ojxiv23,brasilivre,"Sim amigo ele fez um monte de merda. Mas sem troca troca político, presidente nenhum consegue fazer nada nesse país. Ia ser um Bessias por semana se o Bolsonaro não negociasse com o congresso. E eu nem preciso falar do STF"
REDDIT_0412,Form_Reddit_09,12,reddit,nxuotcp,brasil,">O certo seria tirar essa opção então, e forçar o pessoal que não quer nem o candidato X, nem o Y a escolher objetivamente. Concordo com vc, pq muita gente pensa igual vc tá falando. Essa thread aqui é a prova disso. É contra-intuitivo vc acha que o seu voto branco não é na verdade ""branco"", pq ele está lá. Mas a matemática é clara: a escolha é binária. Não são 3 opções, são duas apenas. Ou vc vota no candidato A, ou no candidato B. O nulo/branco vai favorecer um dos dois. >mas é bem injusto você votar por uma mudança e a maioria das pessoas votar no ""status quo"", aí você vota numa opção viável, ela não vai pro segundo turno e tu tem que votar em algo que você não concorda porque só tem essa opção? Concordo com vc tb. Mas o nosso sistema de votação é assim. Pra mudar, teria que ter um sistema diferente. Por exemplo, como é na Europa, em que vc não vota só em 1 candidato, mas vc vota na lista e ordena como vc quer. Por exemplo (só exemplo, não se apegue aos nomes): 1. Lula 2. Tarcísio 3. Boulos 4. Bozo A vantagem desse sistema é que fica claro qual candidato as pessoas **NÃO** querem. Mas pra mudar isso, precisa de uma pressão popular muito grande, pq o sistema atual favorece os partidos que já são grandes. Por isso que vc vê o ""centrão"" como eterno no congresso. >E eu acho que é boa parte da razão na qual muitos votam nulo, Concordo de novo. E é exatamente por essa noção errônea que o sistema mantém do jeito que é. Pq as pessoas que votam nulo estão achando que estão tirando voto dos candidatos, quando na verdade estão favorecendo o que está na frente. Esse cara nunca vai querer mudar o sistema."
REDDIT_0413,Form_Reddit_09,13,reddit,o3mok9u,brasilivre,Jair Messias Bolsonaro?
REDDIT_0414,Form_Reddit_09,14,reddit,nxqi84g,brasil,"> Quero te ver dizer que, se a opção PT sair do caminho, não vamos por um facho no poder. Vamos lá, nunca disse que o fascismo é melhor que o petismo. Sei muito bem a diferença, até porque, perdi parentes por conta do genocida do Bolsonaro durante a pandemia. Segundo, o tempo do PT vai acabar em 2026, porque sem o Lula, o PT não ganha a eleição presidencial. Simples assim. Agora pensa um pouco, o PT junto com o Lula, participou de todas as eleições presidenciais desde 89, em todas elas foi ao 2º turno e já se vão 36 anos. Reestatização das empresas vendidas por FHC, Temer e Bolsonaro? Não. Reforma agrária? Eeeeh, não. Reforma educacional? Não. Mas chega na hora da eleição diz vai reverter tudo isso e fazer o Brasil virar uma suiça. E por acaso virou? O Gustavo Petro em uma eleição fez mais reformas que em 18 anos de petismo no poder. Não reclame comigo, eu voto no PT no 2º turno, mas quero ver você dizer para a população que vê o governo petista entrar e sair e as condições da classe trabalhadora não dão um salto de qualidade. Será, mas só será que o PT não representa a esquerda?"
REDDIT_0415,Form_Reddit_09,15,reddit,p46c1xd,brasilivre,"E isso reflete em que na pratica? O que os outros deputados de direita fizeram a favor da direita? Mudaram a lei de armas? Nao. Combateram corrupção? Nao. Inclusive tao abafando o caso master. Ninguem sabe ninguem viu. Combateram bets e tigrinho? Nao, inclusive tiraram foto com a virginia.... Combateram o PT? Nao inclusive no senado aceitaram o advogado do lula no STF (Zanin) com anuencia de Flavio bolsomaster que foi a favor e disse q ele seria ótimo.. Porra nao fode!!!!"
REDDIT_0416,Form_Reddit_09,16,reddit,p3y2w4q,brasilivre,"Não acho que deixar de ser um apoiador fervoroso do Bolsonaro te torne automaticamente petista. E se você não acredita no arrependimento deles, basta se perguntar por que depois de 2018 nunca mais houve essas dancinhas"
REDDIT_0417,Form_Reddit_09,17,reddit,p4al1s3,brasilivre,"Namoral cara, eu não quero nem que a galera apoie o Renan, só quero que o Lula e o Bolsonaro vão pra casa do caralho. Eu provavelmente vou votar no candidato com mais chances de ir pro 2o turno que não seja o BolsoLula."
REDDIT_0418,Form_Reddit_09,18,reddit,odvz1eq,brasil,"Eu literalmente vi um cara falando: Eu odeio o Flávio Bolsonaro, mas vou votar nele porque não voto no PT. Isso é doença mental pura."
REDDIT_0419,Form_Reddit_09,19,reddit,o30e6hw,brasilivre,A globo já tá tentando Jeffrey Epstein trocou elogios sobre Bolsonaro com Steve Bannon | G1 https://share.google/8DAKXZKqawoJJD0iL
REDDIT_0420,Form_Reddit_09,20,reddit,odozx3v,brasilivre,">A rachadinha foi fartamente comprovada. Liste e descreva aqui as provas da rachadinha por parte do Jair Bolsonaro. >O PGR indicado pelo Bolsonaro foi quem extinguiu a força tarefa da lava-jato. Indicado não quer dizer totalmente subserviente. Só porque o Bolsonaro o indicou não quer dizer que tenha querido acabar com a Lava-Jato. Também há de se ser lúcido para considerar se já não havia motivos para se manter a força-tarefa, visto que em tese o esquema e suas ramificações já haviam sido elucidados, tornando a sua existência redundante. >Quem rejeitava os inquéritos ilegais era a Raquel doge. O PGR indicado pelo Bolsonaro mudou a posição e passou a considerar legais. Como eu disse, o Aras e a Lindora nunca chegaram a rejeitar em absoluto o Inquérito do Fim do Mundo (até porque nem adiantaria alguma coisa), mas nunca em grande parte nunca endossaram as suas medidas. A Dodge arquivou o Inquérito e o Xandemar abriu outro logo em seguida."
REDDIT_0421,Form_Reddit_09,21,reddit,odmvqs6,brasilivre,"Qual foi a rachadinha comprovada do Jair Bolsonaro? O que temos, até hoje, boatos. Nem o STF, perseguidor do jeito que é, se importou em ressucitar esses rumores. Também dizer que foi o Bolsonaro que acabou com a Lava-Jato é desonestidade. Como se ele tivesse indicado a maioria dos que votaram pela descondenação do safado. A PGR do Bolso pode até não ter declarado a ilegalidade absoluta do Inquérito do Fim do Mundo, mas ela nunca o endossou como o Gonet faz. Tanto que o cabeça de manequim quando não dava ordens de ofício dependia majoritariamente das representações da Polícia Federal para expedir cautelares e o mais. Lembro-me inclusive que a PGR às vezes dizia que uma decisão do Xandemar era ilegal. Eu posso concordar (sem problemas) o resto que escreveu, mas ainda assim é **menos pior** que o corrupto do Lula."
REDDIT_0422,Form_Reddit_09,22,reddit,nxhdq7o,brasil,"Se fosse o Lula a classe média também ia fazer a mesma merda, não dá pra tirar nada disso"
REDDIT_0423,Form_Reddit_09,23,reddit,op57971,brasilivre,"De quem? Do Lula? Outro bandido que deveria apodrecer na cadeia, mas que por causa do Sr. Jair Bolsonaro está livre a na presidência do país"
REDDIT_0424,Form_Reddit_09,24,reddit,p49bqbl,brasilivre,"totalmente na cara que eles sao a terceira via disfarcada de direita. que direita mandaria votar nulo com Lula concorrendo em 22, quem acredita nisso ta completamente maluco."
REDDIT_0425,Form_Reddit_09,25,reddit,p43lqed,brasilivre,Uma das poucas vezes que o Lula falou algo que presta. Por isso que vou votar 14
REDDIT_0426,Form_Reddit_09,26,reddit,nxjovf3,brasil,incluindo Lula e Maduro
REDDIT_0427,Form_Reddit_09,27,reddit,o3gh4p1,brasilivre,"Pelo menos criaram um partido, coisa que o Bolsonaro não conseguiu kkkkjk"
REDDIT_0428,Form_Reddit_09,28,reddit,nx3l1wi,brasil,"""Culpa do Lula,Faz o L"""
REDDIT_0429,Form_Reddit_09,29,reddit,nxaclak,brasil,"A extrema-direita portuguesa até se dá muito bem com brasileiros (bolsonaristas), unidos no seu racismo básico. O mais parvo é aqui neste grupo tratarem todos os portugueses como racistas. Eu sou português e de esquerda, não tenho nada a ver com burros racistas sejam eles de que país forem. Seria a mesma coisa que eu achar que os brasileiros eram todos burros e racistas porque terem tido um presidente como o Bolsonaro... A xenofobia contra portugueses aqui é algo irreal. Nem todos somos burros racistas, muitos de nós combatemos esses grunhos."
REDDIT_0430,Form_Reddit_09,30,reddit,nxik1sq,brasil,"Os EUA já intervêm de forma indireta. Quem você acha que financiou o crescimento do evangelho estilo norte-americano? Os think tanks neoliberais? Uma interferência mais direta e mais ousada custa caro. Além do custo político, em diferentes esferas. De novo, custo benefício. Não foi à toa que o Trump se rasgou de elogios ao Lula e cagou pro Bolsonaro."
REDDIT_0431,Form_Reddit_09,31,reddit,ojpgj2v,brasilivre,"Tá falando do Lula e do que a esquerda sempre propôs? Prefiro votar em quem solta vândalos do que quem solta estuprador, assassino e traficante. A esquerda sempre defendeu bandido e vai continuar defendendo."
REDDIT_0432,Form_Reddit_09,32,reddit,p42yiav,brasil,Vc tem mesmo a cara de pau de me dizer que caiado e Zema não vão continuar a agenda bolsonarista? Que a primeira coisa que vão fazer é livrar bolsonaro e o terroristas do 8 de janeiro das acusações deles?
REDDIT_0433,Form_Reddit_09,33,reddit,p47yukv,brasilivre,"Exato, infelizmente ou vota bolsonaro ou deixa o lula mais 4 anos. Aqui na internet e redes sociais e uma bolha. O brasil e bem maior q isso aqui infelizmente"
REDDIT_0434,Form_Reddit_09,34,reddit,p47h64a,brasil,Acabei de ver a notícia do Flávio Bolsonaro e seu projeto de desmanche das universidades públicas e agora essa inovação maravilhosa.
REDDIT_0435,Form_Reddit_09,35,reddit,odpobb7,brasil,"Sei lá, Bolsonaro não conseguiu mesmo abusando de toda máquina pública, Trump tá fazendo bosta atrás de bosta e literalmente deixou o combustível global absurdamente caro de graça, Lula não fez nenhuma grande besteira recentemente, Vou ser otimista e acreditar que o brasileiro médio não é tão burro assim."
REDDIT_0436,Form_Reddit_09,36,reddit,o89z09p,brasilivre,"Não envolve bolsonaro, tem nada a ver com ele Monark fez um vídeo. Vídeo [e o canal inteiro] foi censurado pelo estado. Arthur falou que censurar o vídeo era correto. O ponto aqui é o Arthur, que tinha como motto ""vamo questionar tudo"" falou que estava correto o estado censurar um vídeo porquê supostamente questionava algo que ele julgava que não podia ser questionado. Ou seja, por lógica não é pra questionar tudo."
REDDIT_0437,Form_Reddit_09,37,reddit,p436p2b,brasilivre,Corta pro Bolsonaro elegendo a maior quantidade de deputados e senadores de direita em 22
REDDIT_0438,Form_Reddit_09,38,reddit,o88zpah,brasilivre,"E o MBL fez o que? Fez uma campanha pelo voto nulo. Você percebe que eles ajudaram a eleger o Lula? Porque as pessoas de direita não bolsonaristas foram nessa onda maluca, eliminando a chance do voto útil, sendo que a esquerda em peso, mesmo não sendo lulista, inclusive pessoas que votavam no PSDB que era mais a esquerda, foram lá em peso dar o tal do voto útil. Se a direita tivesse se unido e o MBL não ter sido canalha junto com o pessoal isento, incentivando o discurso de ""PT nunca mais"", acho que hoje não estaríamos discutindo os impostos nos eletrônicos, entende o meu ponto? Verdade. O Bolsonaro foi um covarde nesse sentido. Mas aí é que está, ele sempre foi do baixo clero e corrupto por sinal. É óbvio que ele iria tentar se proteger, já que os poderosos lá de Brasília com certeza fizeram chantagem caso ele não agisse de acordo com a vontade deles. No fim de nada adiantou, bem feito pro Bolsonaro que foi até preso. Um imbecil. Nisso então concordamos. Bolsonaro, por pior que ele seja, não seria pior do que Lula."
REDDIT_0439,Form_Reddit_09,39,reddit,o3an2nn,brasilivre,"Penso que útil é uma mera questão de perspectiva. Se eu fosse da Elite econômica brasileira acharia que Bolsonaro e seus derivados tinha um propósito útil. Se eu acreditasse que as gerações mais novas devessem tomar o poder das anteriores, acharia que o MBL tem um propósito útil. Se eu fosse uma pessoa em extrema pobreza que melhorou de vida com assistencialismo, acharia que o PT tem um propósito útil. O que todos estes tem em comum? Buscam poder. Se é útil ou não é depende de quem é o indivíduo."
REDDIT_0440,Form_Reddit_09,40,reddit,op5qzwz,brasilivre,"Claro, xingar bolsonaristas diariamente e pregar voto nulo os tornam viáveis de não só ir para o 2° turno, mas vencer o Lula. 🙄"
REDDIT_0441,Form_Reddit_09,41,reddit,nxwprcc,brasil,"Eu sinto fome a cada meia hora, Lula maldito tem q ser esforçar mais"
REDDIT_0442,Form_Reddit_09,42,reddit,nxfk8kc,brasil,Os nossos idiotas são cachorrinha dos americanos Vide bolsonaro
REDDIT_0443,Form_Reddit_09,43,reddit,o36pr38,brasil,"mais paulistas votaram no lula que mineiros, isso aqui não é os EUA não importa quanto um estado vota, são paulo foi estado que mais virou contra o bolsonaro pra lula"
REDDIT_0444,Form_Reddit_09,44,reddit,odw0jz6,brasil,bolsonaro criou a abin paralela e olha no que deu
REDDIT_0445,Form_Reddit_09,45,reddit,o353e7k,brasilivre,O Bolsonaro fez voltar. Agora ele vai ter que inventar outra desculpa pra mais 4 anos
REDDIT_0446,Form_Reddit_09,46,reddit,nx94uh9,brasil,"Isso não eh muito estranho, isso é planejado, a SAM ajudou a eleger o Bolsonaro e “””politizar””” adolescentes"
REDDIT_0447,Form_Reddit_09,47,reddit,nxdxwa1,brasil,Foi essa q disse q Lula tava usando a morte de dona Marisa pra fazer palanque político?
REDDIT_0448,Form_Reddit_09,48,reddit,p44qcrt,brasil,Se o Lula morrer* segundo algumas pessoas ele é um robô
REDDIT_0449,Form_Reddit_09,49,reddit,nx98qga,brasil,"A ofensiva nas redes sociais já começou. Especialmente aqui no Reddit. Quem aqui foi recomendado subreddit aleatório de adolescente, com meme burro anti-Lula? Todo dia eu ""recomendo"" que não me apresentem mais comunidades assim, umas 3 vezes. Muitas vezes as mesmas comunidades. Estão criando a nova juventude MBL."
REDDIT_0450,Form_Reddit_09,50,reddit,ojdek4a,brasilivre,"Eu tenho mas não vou ficar dizendo em rede social, muito menos no reddit. Só digo que o ator ja interpretou o Bolsonaro."
REDDIT_0451,Form_Reddit_10,1,reddit,p44yuqf,brasil,"Percebo a sua ideia mas não dá pra ignorar o personalismo. O Brasil tem como sistema o presidencialismo, afinal... Exemplo: Temer 2016. Eleito sob uma plataforma trabalhista, virou presidente, rasgou o manifesto PT-PMDB aprovado por maioria nacional em 2014 e decidiu governar de forma neoliberal. Então é um bocado dos dois. Há muita ignorância acerca do poder de partidos/movimentos sim, mas neste país as Grandes Figuras™ ainda tem muito peso. Não será o Lula o maior exemplo disso? Brasileiros elegeram o cara 3x vezes, uma burocrata sem grande carisma indicada por ele 2x, e nas 5x, vezes mais outras tantas, elegeram um Congresso com maioria de direita."
REDDIT_0452,Form_Reddit_10,2,reddit,nx3o8kt,brasil,Ta ai a picanha que o Lula prometeu
REDDIT_0453,Form_Reddit_10,3,reddit,nxu3q06,brasil,O Lula precisa demais de um porta-voz.
REDDIT_0454,Form_Reddit_10,4,reddit,nx9ol7d,brasil,E o meu tio crente comprtilhando fake news do contador do filho do lula que ganho mais de 600 vezes... Fico imaginando o que passa na cabeça desse corno vendo essa notícia do presidiário ganhando na mega sena
REDDIT_0455,Form_Reddit_10,5,reddit,odpd8e2,brasilivre,">Vc tenta negar q o PGR do Bolsonaro aceitou os inquéritos ilegais com qual argumento? Q o PGR do Bolsonaro passou a aceitar o q a antecessora não aceitava. Vc nega confirmando. Eu disse isto no meu primeiro comentário: a Raquel Dodge arquivou o 1° Inquérito do Fim do Mundo e o Moraes abriu outro logo em seguida. Certamente não ia adiantar de nada o Aras arquivá-lo, mesmo porque o STF entendia que tinha a prerrogativa de abrir e manter inquéritos. O Aras e a Lindora frequentemente criticavam o Inquérito e as suas ações."
REDDIT_0456,Form_Reddit_10,6,reddit,ojcg4hh,brasilivre,Como estou imaginando o Lula esta semana: ![gif](giphy|jc2PkKKr3clTBekMzn)
REDDIT_0457,Form_Reddit_10,7,reddit,p481e5e,brasilivre,"Não existe vitoria sem luta, politicamente falando o brasil está derrotado pelo menos pelos próximos 15 anos, no momento não existem candidatos realmente viaveis ou bons, a escolha no brasil se resume ao menos pior desde sempre e sinceramente na situação atual acho praticamente impossivel tirar o lula de lá, duvido até q o pt perca em 2030...."
REDDIT_0458,Form_Reddit_10,8,reddit,o86ajkq,brasilivre,"Essa é a minha tristeza. O povo foi bem mais consciente politicamente por volta de 2013-2018. Os protestos chegavam até a casa do milhão de manifestantes. Sinto que foi a incompetência do Bolsonaro que fez grande parte da população brasileira perder a esperança na política. Tanto que hoje há uns 30% de petistas e 30% de bolsonaristas que dominam todo o debate, enquanto os 40% que estão completamente desiludidos só votam nulo/branco, mesmo no primeiro turno."
REDDIT_0459,Form_Reddit_10,9,reddit,ojc6ifu,brasilivre,Bolsonaro não tinha maioria no Senado. Nem perto disso. Ele tinha que indicar gente que fosse passar. Olha o dano pro governo governo que foi o veto da indicação do Bessias.
REDDIT_0460,Form_Reddit_10,10,reddit,nxj4hks,brasil,"Sem ironia, como o Lula poderia fazer isso?"
REDDIT_0461,Form_Reddit_10,11,reddit,p47aeor,brasil,"Já está acontecendo e não depende do governo do Lula pra acontecer. Sim, essa parada de achar w nada está acontecendo no Brasil é só Vies de confimação seu pra justificar algum tipo de ideia conservadora velha https://g1.globo.com/jornal-nacional/noticia/2026/04/04/usp-aposta-em-fabricas-de-bolso-para-colocar-o-brasil-no-mapa-dos-semicondutores.ghtml"
REDDIT_0462,Form_Reddit_10,12,reddit,o390dxx,brasil,"as mulheres querem dar pro lula, os homens querem mamar o bolsonaro."
REDDIT_0463,Form_Reddit_10,13,reddit,nxfaxte,brasil,"Sim, cara. Fica parecendo tambem que 99% dos brasileiros acham que Xnadão é ditador e ficariam aliviados com o sumiço do Lula. Concordo com a sua logica e sua visao altamente intelectual de alguem que ta por dentro da geopolitica e conhece a Venezuela."
REDDIT_0464,Form_Reddit_10,14,reddit,opd76cp,brasilivre,"Esse cara é uma piada pronta. Pqp. Todo mundo sabe que ele não tem chance de se eleger, mas é tudo para o Clã Bolsonaro não perder o poder político que tem no atual cenário nacional."
REDDIT_0465,Form_Reddit_10,15,reddit,oka729t,brasilivre,"Aqui só tem Bolsonarista, a galera odeia DMS o mbl por não ter se curvado ao Bolsonaro."
REDDIT_0466,Form_Reddit_10,16,reddit,ny25i7s,brasil,"Quando o Lula foi preso não tinha notícia todo dia dele reclamando de ar condicionado, ter passado mal, ter dor de barriga etc"
REDDIT_0467,Form_Reddit_10,17,reddit,nxf7xq3,brasil,"Venezuela um país atualmente horrível, Venezuelanos fogem de lá, e ainda tem gente que diz que lá não tá ruim? Um presidente que aos poucos foi enganando o povo e tranformou a Venezuela em uma ditadura? E o Brasil, do jeito que tá, e tem gente querendo Lula de novo? Lula segue o mesno discurso e a mesma forma como o presidente da Venezuela fez para transformar a Venezuela em ditadura, defende os países ditadores, defende o terrorismo, defende o crime, é racista, e ainda tem apoiadores? Vocês são nojentos, enquanto de outros, mudam o discurso para parecer exatamente o que Lula é."
REDDIT_0468,Form_Reddit_10,18,reddit,ok6rz6s,brasilivre,"Dino chamou Bolsonaro de ""serial killer"" e ""nazista"" e não deu em nada: chamaram ele de ""gordola"" e abriram investigação... o Zema está mais do que certo: e votar no Flávio, que tem rabo preso, só vai contribuir pra que isso continue."
REDDIT_0469,Form_Reddit_10,19,reddit,odo3bmk,brasilivre,Pois é. Bolsonaro mesmo entrou na presidência e nunca mostrou as prometidas provas de roubo nas urnas Nosso povo é atrasado mesmo
REDDIT_0470,Form_Reddit_10,20,reddit,ojgx30z,brasilivre,"Sinceramente a única opção que vejo esse ano para tirar essa família Bolsonaro que continuaria a avacalhar com o Brasil, meu voto seria em Renan Santos"
REDDIT_0471,Form_Reddit_10,21,reddit,nxdm0ye,brasil,Tme gente que tomou com força por causa das tarifas. Tem ex-bolsonarista que se tu falar de Bolsonaro perto dele é capaz de te jogar no açude.
REDDIT_0472,Form_Reddit_10,22,reddit,ojyhvln,brasilivre,"Eu nem gosto do Zema, ele faz muito pouco, faz suas cagadas também, e as pessoas só gostam dele pq não tem nenhum grande escandalo e por causa desse discurso macio, copiado, falso; mas mesmo assim esse argumento é horrivel, O Bolsonaro tinha menos de 10% também, faltando alguns meses para a primeira eleição que ele ganhou..o Bolsonaro ganhou a eleição com a facada que tomou, sem sadismo, é só olhar a história. Não que o Zema tenha que tomar uma facada, mas pra mostrar que dá pra ganhar uma eleição ""do nada"" quando é a vontade do povo. Esse seu pensamento derrotista só serve pra ajudar o poder estabelecido."
REDDIT_0473,Form_Reddit_10,23,reddit,p499yu7,brasil,"Uma das características mais cretinas do Bolsonaro é esse jeito de falar como se ele soubesse do que está falando, sendo que ele é um idiota."
REDDIT_0474,Form_Reddit_10,24,reddit,okfzgjf,brasilivre,"Meus pais...cara, só dão fudidos por causa do PT e colocam tudo de ruim no Bolsonaro 3 tudo de Bom no PT...pqp"
REDDIT_0475,Form_Reddit_10,25,reddit,p452oqo,brasil,Um novo Lula acaba de nascer
REDDIT_0476,Form_Reddit_10,26,reddit,p40em67,brasil,"Eu acho que não tem muito de estranho nisso. Pensa no Flávio Bolsonaro mesmo. Lembra de quando ele comprou a mansão dele? Pois é. A mansão, embora seja num bairro bem nobre daqui de Brasília, ainda tá MUITO acima do valor das mansões desse mesmo bairro. Sem contar que ela não é compatível com o patrimônio declarado dele. Mas ao mesmo tempo, ele tem um escritório de advocacia, a loja lá de chocolate, a esposa dele tem consultório... Muita coisa faltando. E ele é um só. Quantos outros não fazem o mesmo?"
REDDIT_0477,Form_Reddit_10,27,reddit,p44jct5,brasil,"O sucessor do Lula é o Rafael Fonteles do PT do Piauí, um político pragmático e focado em resultados concretos."
REDDIT_0478,Form_Reddit_10,28,reddit,o2vrxmy,brasil,"A gente já tinha a **CEITEC (Centro Nacional de Tecnologia Eletrônica Avançada)**, uma estatal que nasceu pra diminuir a dependência tecnológica no setor de chips. Bolsonaro matou a CEITEC: * [Bolsonaro extingue a Ceitec, estatal brasileira referência na fabricação de chips](https://www.brasildefato.com.br/2021/06/05/bolsonaro-extingue-a-ceitec-estatal-brasileira-referencia-na-fabricacao-de-chips/) Uma das primeiras coisas que Lula fez, quando assumiu, foi reverter a extinção da estatal: * [Decreto de Lula reverte extinção da estatal de chips Ceitec](https://valor.globo.com/politica/noticia/2023/11/06/decreto-de-lula-reverte-extincao-da-estatal-de-chips-ceitec.ghtml) A CEITEC recebeu ***certificação internacional*** pra produzir chips de passaporte, era a única empresa certificada do Hemisfério Sul, ainda assim Bolsonaro sabotou o Brasil. https://preview.redd.it/8ahzo7dtwrgg1.png?width=2478&format=png&auto=webp&s=32074125b22ad1fd0639214aa70519877003bb41"
REDDIT_0479,Form_Reddit_10,29,reddit,nxiz806,brasil,"O Paraná Pesquisas (instituto que mais acertou em 2022) recentemente publicou um levantamento em que o Lula e o Flávio estariam tecnicamente empatados no segundo turno. Isso deveria acender um alerta vermelho para todos que estão nesse clima da ""já ganhou""."
REDDIT_0480,Form_Reddit_10,30,reddit,nxd3ocw,brasil,Bolsonaro precisa de cuidados fora da prisão é minha bola esquerda.
REDDIT_0481,Form_Reddit_10,31,reddit,nx0shch,brasil,No tempo do Bolsonaro isso não acontecia!!! /S
REDDIT_0482,Form_Reddit_10,32,reddit,nxg8tsi,brasil,Basta o Lula oferecer uma nota de 100 reais q ele compra a Argentina
REDDIT_0483,Form_Reddit_10,33,reddit,nxh65xr,brasil,"Maduro governava um país isolado diplomaticamente, cujos poucos aliados estão demasiado ocupados com questões regionais (China, Rússia), ou debilitados (Irã). O Brasil é um país com ótimo trânsito geopolítico, muitas vezes com mais influência diplomática do que o seu poderio militar sugere que deveria ter, fornece algumas commodities críticas para vários países, é integrado em diversos fórums internacionais importantes, etc. O Lula é respeitadíssimo na gringa. Se fizessem com o Lula o que fizeram com o Maduro, a reação internacional não seria esse ""poxa, que chato, mas esse cara bem que mereceu, né?"" que tá acontecendo hoje."
REDDIT_0484,Form_Reddit_10,34,reddit,nxkbia3,brasil,"Ah, por mim… que morra lula e q a paz mundial volte a reinar."
REDDIT_0485,Form_Reddit_10,35,reddit,nxfmy61,brasil,"Se você for ler os comentários no Instagram do ""ESTADÃO"" ou da ""FOLHA DE SÃO PAULO"", facilmente irá encontrar comentários como esses: ""TRUMP, JÁ PODE LEVAR LULA E JANJA"" ""TRUMP EU AUTORIZO A INVASÃO NO BRASIL"" ""TRUMP É O NOSSO REI"""
REDDIT_0486,Form_Reddit_10,36,reddit,op4ipbb,brasilivre,"Na época do Bolsonaro você não falava isso, mas agora vamos colocar panos quentes né? Curioso."
REDDIT_0487,Form_Reddit_10,37,reddit,p44ob98,brasil,Ué Lula agora é de esquerda?
REDDIT_0488,Form_Reddit_10,38,reddit,odmvcdz,brasilivre,"Troca na foto Bolsonaro por uma Lagartixa. Pois, eu também não me arrependeria"
REDDIT_0489,Form_Reddit_10,39,reddit,op203v4,brasilivre,"Sim, o MBL é um antro de hipócritas, como todo ambiente político/ partidário do Brasil (quiçá do mundo). Não tenho razões para pensar que o que acontece lá seja pior do que aconteça no seio do bolsonarismo mais duro. Sim, eles pagam de conservador, talvez até desejam ser, mais é difícil classificá-lós como liberais. Em alguns aspectos, acho até que eles tem posturas à direita da família Bolsonaro, que é a referência da direita no Brasil. Linha auxiliar do PT é só pregação no pé. É como chamar Alckmin de nazista ou bolsonaristas de genocida."
REDDIT_0490,Form_Reddit_10,40,reddit,op41p5w,brasilivre,Lula manda aeronáutica preparar 200 toneladas de detergente Ypê e lançar sobre Bogotá
REDDIT_0491,Form_Reddit_10,41,reddit,o3bowi5,brasilivre,"Até quando vão insistir nesse argumento merda de que ""ain, se juntaram à esquerda pra tirar o Bolsonaro...""??? Pra tirar a Dilma, adversários precisaram se unir também com um objetivo em comum, lembrem isso."
REDDIT_0492,Form_Reddit_10,42,reddit,ojbe8ag,brasilivre,"""Guys, o Lula vai pra cima do congresso inimigo do povo"" Oq essa gente quer tá mole"
REDDIT_0493,Form_Reddit_10,43,reddit,p4acar4,brasil,"Nunca fui conservador doido, mas tinhas umas opiniões bem menos radicais do que tenho hoje, bolsonaro me radicalizou pra esquerda."
REDDIT_0494,Form_Reddit_10,44,reddit,p3y9paz,brasil,"Vejo quase ninguém contando vitória, mas falam tanto disso aqui no reddit que pqp. Parece uma galera que parece que no fundo tá torcendo contra, só pra poder falar ""eu avisei"" e botar a culpa no PT, no Lula, etc. Que é o mesmo modus operandi da extrema direita, né? Fascismo em ascenção? Culpa do Lula. Bolsonaro matou quase 1 milhão na pandemia? Culpa do Lula."
REDDIT_0495,Form_Reddit_10,45,reddit,o3ah48j,brasilivre,"> Eu dei uma pausa de acompanhar política que nem um cracudo como eu fazia Melhor coisa que tu pode fazer. Essa passeata do Nikolas tem fins eleitoreiros, a intenção nunca foi alcançar um efeito prático, tanto que depois a mensagem foi ""vão pra casa e o resto a gente vai vendo"". Todos os políticos envolvidos queriam exposição, é B-roll gratuito pra usar na campanha e passa a impressão que eles estão lutando por alguma coisa. Não foi um acontecimento disruptivo o suficiente pra mudar o jogo. Que existem apoiadores fiéis do Bolsonaro e que o Nikolas é muito popular entre eles todo mundo já sabe, não precisava de caminhada pra isso. O que isso muda nas negociações internas do congresso? Nada, o status quo permanece igual. Essas assinaturas teriam sido coletadas de qualquer forma. Qualquer coisa positiva a partir de agora eles vão tentar dizer que é efeito da caminhada, mas lembre-se que correlação não implica em causalidade."
REDDIT_0496,Form_Reddit_10,46,reddit,p4817tt,brasilivre,"Se MBL pensasse no curto prazo estaria mamando o Bolsonaro desde o início, mas infelizmente não compactuamos com bandidos e corruptos"
REDDIT_0497,Form_Reddit_10,47,reddit,p46qhun,brasil,"Não concordo, porque Lula não é de esquerda"
REDDIT_0498,Form_Reddit_10,48,reddit,nxw2h2m,brasil,"Deixa eu te contar uma novidade sobre a democracia liberal burguesa... Lá também não. O Lula só teve palco depois da Carta aos Banqueiros, arregando para as elites econômicas do país, o que ele seguiu à risca, diga-se de passagem, para o bem ou para o mal. Agora, quanto custa eleger um deputado federal? Quem tem a grana pra bancar uma campanha? Quem tem 5 milhões pra torrar numa campanha para uma chance de vencer? Não vê que o jogo já está com cartas marcadas? Porque você acha que congresso fica na mão de agro, de lobby sionista, de bilionário? Porque é uma democracia das elites, pelas elites, para as elites, com um verniz midiático de povo."
REDDIT_0499,Form_Reddit_10,49,reddit,p4adxzn,brasil,Tivemos o filho do Bolsonaro postando imagem de IA dele de sunga referenciando o GTA 6 antes da porra do GTA 6
REDDIT_0500,Form_Reddit_10,50,reddit,p44umy6,brasil,incluir o Lula? Onde que ele foi incluído? presidiário = bozoladrão ex presidiário = bozoladrão filho de presidiário = filhos ladrões do bozoladrão complicado lidar com acéfalo nazifascista. tem que desenhar
